--
-- PostgreSQL database cluster dump
--

-- Started on 2024-07-19 14:55:12 -05

SET default_transaction_read_only = off;

SET client_encoding = 'UTF8';
SET standard_conforming_strings = on;

--
-- Roles
--

CREATE ROLE jairo;
ALTER ROLE jairo WITH SUPERUSER INHERIT CREATEROLE CREATEDB LOGIN REPLICATION BYPASSRLS PASSWORD 'SCRAM-SHA-256$4096:GveeEnsdiicsdmdcK8IeAw==$7XrEO1xGaDUP+URtwmXb4uLWKwPVY9fbDnEe5jwhG9o=:AffLtz4ynrlIzPJdsK/lXrkMEp19lic5j7G1xVsIthw=';

--
-- User Configurations
--








--
-- Databases
--

--
-- Database "template1" dump
--

\connect template1

--
-- PostgreSQL database dump
--

-- Dumped from database version 16.3 (Debian 16.3-1.pgdg120+1)
-- Dumped by pg_dump version 16.1

-- Started on 2024-07-19 14:55:12 -05

SET statement_timeout = 0;
SET lock_timeout = 0;
SET idle_in_transaction_session_timeout = 0;
SET client_encoding = 'UTF8';
SET standard_conforming_strings = on;
SELECT pg_catalog.set_config('search_path', '', false);
SET check_function_bodies = false;
SET xmloption = content;
SET client_min_messages = warning;
SET row_security = off;

-- Completed on 2024-07-19 14:55:12 -05

--
-- PostgreSQL database dump complete
--

--
-- Database "db_stock_genius" dump
--

--
-- PostgreSQL database dump
--

-- Dumped from database version 16.3 (Debian 16.3-1.pgdg120+1)
-- Dumped by pg_dump version 16.1

-- Started on 2024-07-19 14:55:12 -05

SET statement_timeout = 0;
SET lock_timeout = 0;
SET idle_in_transaction_session_timeout = 0;
SET client_encoding = 'UTF8';
SET standard_conforming_strings = on;
SELECT pg_catalog.set_config('search_path', '', false);
SET check_function_bodies = false;
SET xmloption = content;
SET client_min_messages = warning;
SET row_security = off;

--
-- TOC entry 3780 (class 1262 OID 16384)
-- Name: db_stock_genius; Type: DATABASE; Schema: -; Owner: jairo
--

CREATE DATABASE db_stock_genius WITH TEMPLATE = template0 ENCODING = 'UTF8' LOCALE_PROVIDER = libc LOCALE = 'en_US.utf8';


ALTER DATABASE db_stock_genius OWNER TO jairo;

\connect db_stock_genius

SET statement_timeout = 0;
SET lock_timeout = 0;
SET idle_in_transaction_session_timeout = 0;
SET client_encoding = 'UTF8';
SET standard_conforming_strings = on;
SELECT pg_catalog.set_config('search_path', '', false);
SET check_function_bodies = false;
SET xmloption = content;
SET client_min_messages = warning;
SET row_security = off;

SET default_tablespace = '';

SET default_table_access_method = heap;

--
-- TOC entry 237 (class 1259 OID 34634)
-- Name: DevolucionesApp_devolucion; Type: TABLE; Schema: public; Owner: jairo
--

CREATE TABLE public."DevolucionesApp_devolucion" (
    state boolean NOT NULL,
    fecha date,
    update timestamp with time zone,
    id integer NOT NULL,
    orden character varying(50) NOT NULL,
    valor_total numeric(10,2) NOT NULL,
    tipo character varying(50) NOT NULL,
    referencia character varying(50) NOT NULL,
    tenant_id bigint,
    usuario_id bigint
);


ALTER TABLE public."DevolucionesApp_devolucion" OWNER TO jairo;

--
-- TOC entry 236 (class 1259 OID 34633)
-- Name: DevolucionesApp_devolucion_id_seq; Type: SEQUENCE; Schema: public; Owner: jairo
--

ALTER TABLE public."DevolucionesApp_devolucion" ALTER COLUMN id ADD GENERATED BY DEFAULT AS IDENTITY (
    SEQUENCE NAME public."DevolucionesApp_devolucion_id_seq"
    START WITH 1
    INCREMENT BY 1
    NO MINVALUE
    NO MAXVALUE
    CACHE 1
);


--
-- TOC entry 239 (class 1259 OID 34640)
-- Name: DevolucionesApp_motivodevolucion; Type: TABLE; Schema: public; Owner: jairo
--

CREATE TABLE public."DevolucionesApp_motivodevolucion" (
    state boolean NOT NULL,
    fecha date,
    update timestamp with time zone,
    id integer NOT NULL,
    nombre character varying(100) NOT NULL,
    tenant_id bigint
);


ALTER TABLE public."DevolucionesApp_motivodevolucion" OWNER TO jairo;

--
-- TOC entry 238 (class 1259 OID 34639)
-- Name: DevolucionesApp_motivodevolucion_id_seq; Type: SEQUENCE; Schema: public; Owner: jairo
--

ALTER TABLE public."DevolucionesApp_motivodevolucion" ALTER COLUMN id ADD GENERATED BY DEFAULT AS IDENTITY (
    SEQUENCE NAME public."DevolucionesApp_motivodevolucion_id_seq"
    START WITH 1
    INCREMENT BY 1
    NO MINVALUE
    NO MAXVALUE
    CACHE 1
);


--
-- TOC entry 241 (class 1259 OID 34646)
-- Name: DevolucionesApp_relacionproductodevolucion; Type: TABLE; Schema: public; Owner: jairo
--

CREATE TABLE public."DevolucionesApp_relacionproductodevolucion" (
    state boolean NOT NULL,
    fecha date,
    update timestamp with time zone,
    id integer NOT NULL,
    cantidad integer NOT NULL,
    valor_venta_producto numeric(10,2) NOT NULL,
    descripcion text NOT NULL,
    devolucion_id integer,
    motivo_id integer,
    producto_id integer,
    tenant_id bigint
);


ALTER TABLE public."DevolucionesApp_relacionproductodevolucion" OWNER TO jairo;

--
-- TOC entry 240 (class 1259 OID 34645)
-- Name: DevolucionesApp_relacionproductodevolucion_id_seq; Type: SEQUENCE; Schema: public; Owner: jairo
--

ALTER TABLE public."DevolucionesApp_relacionproductodevolucion" ALTER COLUMN id ADD GENERATED BY DEFAULT AS IDENTITY (
    SEQUENCE NAME public."DevolucionesApp_relacionproductodevolucion_id_seq"
    START WITH 1
    INCREMENT BY 1
    NO MINVALUE
    NO MAXVALUE
    CACHE 1
);


--
-- TOC entry 251 (class 1259 OID 34776)
-- Name: EntradasApp_entrada; Type: TABLE; Schema: public; Owner: jairo
--

CREATE TABLE public."EntradasApp_entrada" (
    id bigint NOT NULL,
    state boolean NOT NULL,
    fecha date,
    update timestamp with time zone,
    orden character varying(50) NOT NULL,
    estado boolean NOT NULL,
    valor numeric(10,2) NOT NULL,
    tenant_id bigint,
    usuario_id bigint,
    proveedor_id integer
);


ALTER TABLE public."EntradasApp_entrada" OWNER TO jairo;

--
-- TOC entry 250 (class 1259 OID 34775)
-- Name: EntradasApp_entrada_id_seq; Type: SEQUENCE; Schema: public; Owner: jairo
--

ALTER TABLE public."EntradasApp_entrada" ALTER COLUMN id ADD GENERATED BY DEFAULT AS IDENTITY (
    SEQUENCE NAME public."EntradasApp_entrada_id_seq"
    START WITH 1
    INCREMENT BY 1
    NO MINVALUE
    NO MAXVALUE
    CACHE 1
);


--
-- TOC entry 253 (class 1259 OID 34782)
-- Name: EntradasApp_pagoentrada; Type: TABLE; Schema: public; Owner: jairo
--

CREATE TABLE public."EntradasApp_pagoentrada" (
    state boolean NOT NULL,
    fecha date,
    update timestamp with time zone,
    id integer NOT NULL,
    valor numeric(10,2) NOT NULL,
    entrada_id bigint,
    metodo_de_pago_id integer,
    tenant_id bigint
);


ALTER TABLE public."EntradasApp_pagoentrada" OWNER TO jairo;

--
-- TOC entry 252 (class 1259 OID 34781)
-- Name: EntradasApp_pagoentrada_id_seq; Type: SEQUENCE; Schema: public; Owner: jairo
--

ALTER TABLE public."EntradasApp_pagoentrada" ALTER COLUMN id ADD GENERATED BY DEFAULT AS IDENTITY (
    SEQUENCE NAME public."EntradasApp_pagoentrada_id_seq"
    START WITH 1
    INCREMENT BY 1
    NO MINVALUE
    NO MAXVALUE
    CACHE 1
);


--
-- TOC entry 255 (class 1259 OID 34788)
-- Name: EntradasApp_proveedor; Type: TABLE; Schema: public; Owner: jairo
--

CREATE TABLE public."EntradasApp_proveedor" (
    state boolean NOT NULL,
    fecha date,
    update timestamp with time zone,
    id integer NOT NULL,
    nombre character varying(150) NOT NULL,
    lugar character varying(150) NOT NULL,
    numero_contacto character varying(30) NOT NULL,
    estado boolean NOT NULL,
    tenant_id bigint
);


ALTER TABLE public."EntradasApp_proveedor" OWNER TO jairo;

--
-- TOC entry 254 (class 1259 OID 34787)
-- Name: EntradasApp_proveedor_id_seq; Type: SEQUENCE; Schema: public; Owner: jairo
--

ALTER TABLE public."EntradasApp_proveedor" ALTER COLUMN id ADD GENERATED BY DEFAULT AS IDENTITY (
    SEQUENCE NAME public."EntradasApp_proveedor_id_seq"
    START WITH 1
    INCREMENT BY 1
    NO MINVALUE
    NO MAXVALUE
    CACHE 1
);


--
-- TOC entry 257 (class 1259 OID 34794)
-- Name: EntradasApp_relacionproductoentrada; Type: TABLE; Schema: public; Owner: jairo
--

CREATE TABLE public."EntradasApp_relacionproductoentrada" (
    state boolean NOT NULL,
    fecha date,
    update timestamp with time zone,
    id integer NOT NULL,
    cantidad integer NOT NULL,
    valor numeric(10,2) NOT NULL,
    cantidad_devuelta integer,
    entrada_id bigint,
    producto_id integer,
    tenant_id bigint
);


ALTER TABLE public."EntradasApp_relacionproductoentrada" OWNER TO jairo;

--
-- TOC entry 256 (class 1259 OID 34793)
-- Name: EntradasApp_relacionproductoentrada_id_seq; Type: SEQUENCE; Schema: public; Owner: jairo
--

ALTER TABLE public."EntradasApp_relacionproductoentrada" ALTER COLUMN id ADD GENERATED BY DEFAULT AS IDENTITY (
    SEQUENCE NAME public."EntradasApp_relacionproductoentrada_id_seq"
    START WITH 1
    INCREMENT BY 1
    NO MINVALUE
    NO MAXVALUE
    CACHE 1
);


--
-- TOC entry 243 (class 1259 OID 34696)
-- Name: FinanzasApp_cierre; Type: TABLE; Schema: public; Owner: jairo
--

CREATE TABLE public."FinanzasApp_cierre" (
    state boolean NOT NULL,
    fecha date,
    update timestamp with time zone,
    id integer NOT NULL,
    valor numeric(10,2) NOT NULL,
    ganancia numeric(10,2) NOT NULL,
    tenant_id bigint
);


ALTER TABLE public."FinanzasApp_cierre" OWNER TO jairo;

--
-- TOC entry 242 (class 1259 OID 34695)
-- Name: FinanzasApp_cierre_id_seq; Type: SEQUENCE; Schema: public; Owner: jairo
--

ALTER TABLE public."FinanzasApp_cierre" ALTER COLUMN id ADD GENERATED BY DEFAULT AS IDENTITY (
    SEQUENCE NAME public."FinanzasApp_cierre_id_seq"
    START WITH 1
    INCREMENT BY 1
    NO MINVALUE
    NO MAXVALUE
    CACHE 1
);


--
-- TOC entry 245 (class 1259 OID 34702)
-- Name: FinanzasApp_metododepago; Type: TABLE; Schema: public; Owner: jairo
--

CREATE TABLE public."FinanzasApp_metododepago" (
    state boolean NOT NULL,
    fecha date,
    update timestamp with time zone,
    id integer NOT NULL,
    nombre character varying(150) NOT NULL,
    saldo_actual numeric(10,2) NOT NULL,
    comision_banco numeric(5,2) NOT NULL,
    tenant_id bigint
);


ALTER TABLE public."FinanzasApp_metododepago" OWNER TO jairo;

--
-- TOC entry 244 (class 1259 OID 34701)
-- Name: FinanzasApp_metododepago_id_seq; Type: SEQUENCE; Schema: public; Owner: jairo
--

ALTER TABLE public."FinanzasApp_metododepago" ALTER COLUMN id ADD GENERATED BY DEFAULT AS IDENTITY (
    SEQUENCE NAME public."FinanzasApp_metododepago_id_seq"
    START WITH 1
    INCREMENT BY 1
    NO MINVALUE
    NO MAXVALUE
    CACHE 1
);


--
-- TOC entry 247 (class 1259 OID 34708)
-- Name: FinanzasApp_movimientos; Type: TABLE; Schema: public; Owner: jairo
--

CREATE TABLE public."FinanzasApp_movimientos" (
    state boolean NOT NULL,
    fecha date,
    update timestamp with time zone,
    id integer NOT NULL,
    referencia character varying(50) NOT NULL,
    tipo character varying(50) NOT NULL,
    valor numeric(10,2) NOT NULL,
    metodo_de_pago_id integer,
    tenant_id bigint,
    usuario_id bigint
);


ALTER TABLE public."FinanzasApp_movimientos" OWNER TO jairo;

--
-- TOC entry 246 (class 1259 OID 34707)
-- Name: FinanzasApp_movimientos_id_seq; Type: SEQUENCE; Schema: public; Owner: jairo
--

ALTER TABLE public."FinanzasApp_movimientos" ALTER COLUMN id ADD GENERATED BY DEFAULT AS IDENTITY (
    SEQUENCE NAME public."FinanzasApp_movimientos_id_seq"
    START WITH 1
    INCREMENT BY 1
    NO MINVALUE
    NO MAXVALUE
    CACHE 1
);


--
-- TOC entry 249 (class 1259 OID 34714)
-- Name: FinanzasApp_transferencia; Type: TABLE; Schema: public; Owner: jairo
--

CREATE TABLE public."FinanzasApp_transferencia" (
    state boolean NOT NULL,
    fecha date,
    update timestamp with time zone,
    id integer NOT NULL,
    valor numeric(10,2) NOT NULL,
    descripcion text NOT NULL,
    cuenta_destino_id integer,
    cuenta_origen_id integer,
    tenant_id bigint,
    usuario_id bigint
);


ALTER TABLE public."FinanzasApp_transferencia" OWNER TO jairo;

--
-- TOC entry 248 (class 1259 OID 34713)
-- Name: FinanzasApp_transferencia_id_seq; Type: SEQUENCE; Schema: public; Owner: jairo
--

ALTER TABLE public."FinanzasApp_transferencia" ALTER COLUMN id ADD GENERATED BY DEFAULT AS IDENTITY (
    SEQUENCE NAME public."FinanzasApp_transferencia_id_seq"
    START WITH 1
    INCREMENT BY 1
    NO MINVALUE
    NO MAXVALUE
    CACHE 1
);


--
-- TOC entry 261 (class 1259 OID 34866)
-- Name: GastosApp_gasto; Type: TABLE; Schema: public; Owner: jairo
--

CREATE TABLE public."GastosApp_gasto" (
    state boolean NOT NULL,
    fecha date,
    update timestamp with time zone,
    id integer NOT NULL,
    orden character varying(50) NOT NULL,
    valor numeric(10,2) NOT NULL,
    descripcion text NOT NULL,
    metodo_de_pago_id integer,
    tenant_id bigint,
    usuario_id bigint,
    tipo_gasto_id integer
);


ALTER TABLE public."GastosApp_gasto" OWNER TO jairo;

--
-- TOC entry 260 (class 1259 OID 34865)
-- Name: GastosApp_gasto_id_seq; Type: SEQUENCE; Schema: public; Owner: jairo
--

ALTER TABLE public."GastosApp_gasto" ALTER COLUMN id ADD GENERATED BY DEFAULT AS IDENTITY (
    SEQUENCE NAME public."GastosApp_gasto_id_seq"
    START WITH 1
    INCREMENT BY 1
    NO MINVALUE
    NO MAXVALUE
    CACHE 1
);


--
-- TOC entry 259 (class 1259 OID 34860)
-- Name: GastosApp_tipogasto; Type: TABLE; Schema: public; Owner: jairo
--

CREATE TABLE public."GastosApp_tipogasto" (
    state boolean NOT NULL,
    fecha date,
    update timestamp with time zone,
    id integer NOT NULL,
    nombre character varying(50) NOT NULL,
    tenant_id bigint
);


ALTER TABLE public."GastosApp_tipogasto" OWNER TO jairo;

--
-- TOC entry 258 (class 1259 OID 34859)
-- Name: GastosApp_tipogasto_id_seq; Type: SEQUENCE; Schema: public; Owner: jairo
--

ALTER TABLE public."GastosApp_tipogasto" ALTER COLUMN id ADD GENERATED BY DEFAULT AS IDENTITY (
    SEQUENCE NAME public."GastosApp_tipogasto_id_seq"
    START WITH 1
    INCREMENT BY 1
    NO MINVALUE
    NO MAXVALUE
    CACHE 1
);


--
-- TOC entry 227 (class 1259 OID 34548)
-- Name: GestionDeUsuariosApp_grupos; Type: TABLE; Schema: public; Owner: jairo
--

CREATE TABLE public."GestionDeUsuariosApp_grupos" (
    group_ptr_id integer NOT NULL,
    tenant_id bigint
);


ALTER TABLE public."GestionDeUsuariosApp_grupos" OWNER TO jairo;

--
-- TOC entry 267 (class 1259 OID 35011)
-- Name: GestionDeUsuariosApp_grupos_grupo_permisos; Type: TABLE; Schema: public; Owner: jairo
--

CREATE TABLE public."GestionDeUsuariosApp_grupos_grupo_permisos" (
    id bigint NOT NULL,
    grupos_id integer NOT NULL,
    permisosgrupo_id bigint NOT NULL
);


ALTER TABLE public."GestionDeUsuariosApp_grupos_grupo_permisos" OWNER TO jairo;

--
-- TOC entry 266 (class 1259 OID 35010)
-- Name: GestionDeUsuariosApp_grupos_grupo_permisos_id_seq; Type: SEQUENCE; Schema: public; Owner: jairo
--

ALTER TABLE public."GestionDeUsuariosApp_grupos_grupo_permisos" ALTER COLUMN id ADD GENERATED BY DEFAULT AS IDENTITY (
    SEQUENCE NAME public."GestionDeUsuariosApp_grupos_grupo_permisos_id_seq"
    START WITH 1
    INCREMENT BY 1
    NO MINVALUE
    NO MAXVALUE
    CACHE 1
);


--
-- TOC entry 263 (class 1259 OID 34904)
-- Name: GestionDeUsuariosApp_permisosgrupo; Type: TABLE; Schema: public; Owner: jairo
--

CREATE TABLE public."GestionDeUsuariosApp_permisosgrupo" (
    id bigint NOT NULL,
    nombre character varying(255) NOT NULL
);


ALTER TABLE public."GestionDeUsuariosApp_permisosgrupo" OWNER TO jairo;

--
-- TOC entry 262 (class 1259 OID 34903)
-- Name: GestionDeUsuariosApp_permisosgrupo_id_seq; Type: SEQUENCE; Schema: public; Owner: jairo
--

ALTER TABLE public."GestionDeUsuariosApp_permisosgrupo" ALTER COLUMN id ADD GENERATED BY DEFAULT AS IDENTITY (
    SEQUENCE NAME public."GestionDeUsuariosApp_permisosgrupo_id_seq"
    START WITH 1
    INCREMENT BY 1
    NO MINVALUE
    NO MAXVALUE
    CACHE 1
);


--
-- TOC entry 265 (class 1259 OID 34912)
-- Name: GestionDeUsuariosApp_permisosgrupo_permisos; Type: TABLE; Schema: public; Owner: jairo
--

CREATE TABLE public."GestionDeUsuariosApp_permisosgrupo_permisos" (
    id bigint NOT NULL,
    permisosgrupo_id bigint NOT NULL,
    permission_id integer NOT NULL
);


ALTER TABLE public."GestionDeUsuariosApp_permisosgrupo_permisos" OWNER TO jairo;

--
-- TOC entry 264 (class 1259 OID 34911)
-- Name: GestionDeUsuariosApp_permisosgrupo_permisos_id_seq; Type: SEQUENCE; Schema: public; Owner: jairo
--

ALTER TABLE public."GestionDeUsuariosApp_permisosgrupo_permisos" ALTER COLUMN id ADD GENERATED BY DEFAULT AS IDENTITY (
    SEQUENCE NAME public."GestionDeUsuariosApp_permisosgrupo_permisos_id_seq"
    START WITH 1
    INCREMENT BY 1
    NO MINVALUE
    NO MAXVALUE
    CACHE 1
);


--
-- TOC entry 226 (class 1259 OID 34541)
-- Name: GestionDeUsuariosApp_tenant; Type: TABLE; Schema: public; Owner: jairo
--

CREATE TABLE public."GestionDeUsuariosApp_tenant" (
    id bigint NOT NULL,
    nombre character varying(255) NOT NULL,
    direccion character varying(255) NOT NULL,
    telefono character varying(20) NOT NULL,
    email character varying(254) NOT NULL,
    fecha date NOT NULL,
    update timestamp with time zone NOT NULL,
    state boolean NOT NULL
);


ALTER TABLE public."GestionDeUsuariosApp_tenant" OWNER TO jairo;

--
-- TOC entry 225 (class 1259 OID 34540)
-- Name: GestionDeUsuariosApp_tenant_id_seq; Type: SEQUENCE; Schema: public; Owner: jairo
--

ALTER TABLE public."GestionDeUsuariosApp_tenant" ALTER COLUMN id ADD GENERATED BY DEFAULT AS IDENTITY (
    SEQUENCE NAME public."GestionDeUsuariosApp_tenant_id_seq"
    START WITH 1
    INCREMENT BY 1
    NO MINVALUE
    NO MAXVALUE
    CACHE 1
);


--
-- TOC entry 229 (class 1259 OID 34554)
-- Name: GestionDeUsuariosApp_usuarios; Type: TABLE; Schema: public; Owner: jairo
--

CREATE TABLE public."GestionDeUsuariosApp_usuarios" (
    id bigint NOT NULL,
    password character varying(128) NOT NULL,
    last_login timestamp with time zone,
    is_superuser boolean NOT NULL,
    first_name character varying(150) NOT NULL,
    last_name character varying(150) NOT NULL,
    email character varying(254) NOT NULL,
    is_staff boolean NOT NULL,
    is_active boolean NOT NULL,
    date_joined timestamp with time zone NOT NULL,
    tenant_id bigint
);


ALTER TABLE public."GestionDeUsuariosApp_usuarios" OWNER TO jairo;

--
-- TOC entry 231 (class 1259 OID 34564)
-- Name: GestionDeUsuariosApp_usuarios_groups; Type: TABLE; Schema: public; Owner: jairo
--

CREATE TABLE public."GestionDeUsuariosApp_usuarios_groups" (
    id bigint NOT NULL,
    usuarios_id bigint NOT NULL,
    grupos_id integer NOT NULL
);


ALTER TABLE public."GestionDeUsuariosApp_usuarios_groups" OWNER TO jairo;

--
-- TOC entry 230 (class 1259 OID 34563)
-- Name: GestionDeUsuariosApp_usuarios_groups_id_seq; Type: SEQUENCE; Schema: public; Owner: jairo
--

ALTER TABLE public."GestionDeUsuariosApp_usuarios_groups" ALTER COLUMN id ADD GENERATED BY DEFAULT AS IDENTITY (
    SEQUENCE NAME public."GestionDeUsuariosApp_usuarios_groups_id_seq"
    START WITH 1
    INCREMENT BY 1
    NO MINVALUE
    NO MAXVALUE
    CACHE 1
);


--
-- TOC entry 228 (class 1259 OID 34553)
-- Name: GestionDeUsuariosApp_usuarios_id_seq; Type: SEQUENCE; Schema: public; Owner: jairo
--

ALTER TABLE public."GestionDeUsuariosApp_usuarios" ALTER COLUMN id ADD GENERATED BY DEFAULT AS IDENTITY (
    SEQUENCE NAME public."GestionDeUsuariosApp_usuarios_id_seq"
    START WITH 1
    INCREMENT BY 1
    NO MINVALUE
    NO MAXVALUE
    CACHE 1
);


--
-- TOC entry 233 (class 1259 OID 34570)
-- Name: GestionDeUsuariosApp_usuarios_user_permissions; Type: TABLE; Schema: public; Owner: jairo
--

CREATE TABLE public."GestionDeUsuariosApp_usuarios_user_permissions" (
    id bigint NOT NULL,
    usuarios_id bigint NOT NULL,
    permission_id integer NOT NULL
);


ALTER TABLE public."GestionDeUsuariosApp_usuarios_user_permissions" OWNER TO jairo;

--
-- TOC entry 232 (class 1259 OID 34569)
-- Name: GestionDeUsuariosApp_usuarios_user_permissions_id_seq; Type: SEQUENCE; Schema: public; Owner: jairo
--

ALTER TABLE public."GestionDeUsuariosApp_usuarios_user_permissions" ALTER COLUMN id ADD GENERATED BY DEFAULT AS IDENTITY (
    SEQUENCE NAME public."GestionDeUsuariosApp_usuarios_user_permissions_id_seq"
    START WITH 1
    INCREMENT BY 1
    NO MINVALUE
    NO MAXVALUE
    CACHE 1
);


--
-- TOC entry 235 (class 1259 OID 34622)
-- Name: InventarioApp_producto; Type: TABLE; Schema: public; Owner: jairo
--

CREATE TABLE public."InventarioApp_producto" (
    state boolean NOT NULL,
    fecha date,
    update timestamp with time zone,
    id integer NOT NULL,
    referencia character varying(50),
    estilo character varying(150) NOT NULL,
    talla integer NOT NULL,
    color character varying(50) NOT NULL,
    cantidad integer NOT NULL,
    stock_min integer NOT NULL,
    estado boolean NOT NULL,
    valor numeric(10,2) NOT NULL,
    valor_compra numeric(10,2) NOT NULL,
    tenant_id bigint
);


ALTER TABLE public."InventarioApp_producto" OWNER TO jairo;

--
-- TOC entry 234 (class 1259 OID 34621)
-- Name: InventarioApp_producto_id_seq; Type: SEQUENCE; Schema: public; Owner: jairo
--

ALTER TABLE public."InventarioApp_producto" ALTER COLUMN id ADD GENERATED BY DEFAULT AS IDENTITY (
    SEQUENCE NAME public."InventarioApp_producto_id_seq"
    START WITH 1
    INCREMENT BY 1
    NO MINVALUE
    NO MAXVALUE
    CACHE 1
);


--
-- TOC entry 269 (class 1259 OID 35096)
-- Name: VentasApp_cliente; Type: TABLE; Schema: public; Owner: jairo
--

CREATE TABLE public."VentasApp_cliente" (
    state boolean NOT NULL,
    fecha date,
    update timestamp with time zone,
    id integer NOT NULL,
    nombre character varying(255) NOT NULL,
    lugar character varying(255) NOT NULL,
    numero_contacto character varying(20) NOT NULL,
    estado boolean NOT NULL,
    tenant_id bigint
);


ALTER TABLE public."VentasApp_cliente" OWNER TO jairo;

--
-- TOC entry 268 (class 1259 OID 35095)
-- Name: VentasApp_cliente_id_seq; Type: SEQUENCE; Schema: public; Owner: jairo
--

ALTER TABLE public."VentasApp_cliente" ALTER COLUMN id ADD GENERATED BY DEFAULT AS IDENTITY (
    SEQUENCE NAME public."VentasApp_cliente_id_seq"
    START WITH 1
    INCREMENT BY 1
    NO MINVALUE
    NO MAXVALUE
    CACHE 1
);


--
-- TOC entry 275 (class 1259 OID 35116)
-- Name: VentasApp_pagoventa; Type: TABLE; Schema: public; Owner: jairo
--

CREATE TABLE public."VentasApp_pagoventa" (
    state boolean NOT NULL,
    fecha date,
    update timestamp with time zone,
    id integer NOT NULL,
    valor numeric(10,2) NOT NULL,
    metodo_de_pago_id integer NOT NULL,
    tenant_id bigint,
    venta_id integer NOT NULL
);


ALTER TABLE public."VentasApp_pagoventa" OWNER TO jairo;

--
-- TOC entry 274 (class 1259 OID 35115)
-- Name: VentasApp_pagoventa_id_seq; Type: SEQUENCE; Schema: public; Owner: jairo
--

ALTER TABLE public."VentasApp_pagoventa" ALTER COLUMN id ADD GENERATED BY DEFAULT AS IDENTITY (
    SEQUENCE NAME public."VentasApp_pagoventa_id_seq"
    START WITH 1
    INCREMENT BY 1
    NO MINVALUE
    NO MAXVALUE
    CACHE 1
);


--
-- TOC entry 273 (class 1259 OID 35110)
-- Name: VentasApp_relacionproductoventa; Type: TABLE; Schema: public; Owner: jairo
--

CREATE TABLE public."VentasApp_relacionproductoventa" (
    id bigint NOT NULL,
    state boolean NOT NULL,
    fecha date,
    update timestamp with time zone,
    cantidad integer NOT NULL,
    valor_venta_producto numeric(10,2) NOT NULL,
    valor_compra numeric(10,2) NOT NULL,
    ganancia numeric(10,2) NOT NULL,
    cantidad_devuelta integer NOT NULL,
    producto_id integer NOT NULL,
    tenant_id bigint,
    venta_id integer NOT NULL
);


ALTER TABLE public."VentasApp_relacionproductoventa" OWNER TO jairo;

--
-- TOC entry 272 (class 1259 OID 35109)
-- Name: VentasApp_relacionproductoventa_id_seq; Type: SEQUENCE; Schema: public; Owner: jairo
--

ALTER TABLE public."VentasApp_relacionproductoventa" ALTER COLUMN id ADD GENERATED BY DEFAULT AS IDENTITY (
    SEQUENCE NAME public."VentasApp_relacionproductoventa_id_seq"
    START WITH 1
    INCREMENT BY 1
    NO MINVALUE
    NO MAXVALUE
    CACHE 1
);


--
-- TOC entry 271 (class 1259 OID 35104)
-- Name: VentasApp_venta; Type: TABLE; Schema: public; Owner: jairo
--

CREATE TABLE public."VentasApp_venta" (
    state boolean NOT NULL,
    fecha date,
    update timestamp with time zone,
    id integer NOT NULL,
    orden character varying(50) NOT NULL,
    valor_total numeric(10,2) NOT NULL,
    valor_total_ajustado numeric(10,2) NOT NULL,
    ganancia_total numeric(10,2) NOT NULL,
    ganancia_total_ajustada numeric(10,2) NOT NULL,
    cantidad_total integer NOT NULL,
    estado boolean NOT NULL,
    cliente_id integer,
    tenant_id bigint,
    usuario_id bigint
);


ALTER TABLE public."VentasApp_venta" OWNER TO jairo;

--
-- TOC entry 270 (class 1259 OID 35103)
-- Name: VentasApp_venta_id_seq; Type: SEQUENCE; Schema: public; Owner: jairo
--

ALTER TABLE public."VentasApp_venta" ALTER COLUMN id ADD GENERATED BY DEFAULT AS IDENTITY (
    SEQUENCE NAME public."VentasApp_venta_id_seq"
    START WITH 1
    INCREMENT BY 1
    NO MINVALUE
    NO MAXVALUE
    CACHE 1
);


--
-- TOC entry 222 (class 1259 OID 34501)
-- Name: auth_group; Type: TABLE; Schema: public; Owner: jairo
--

CREATE TABLE public.auth_group (
    id integer NOT NULL,
    name character varying(150) NOT NULL
);


ALTER TABLE public.auth_group OWNER TO jairo;

--
-- TOC entry 221 (class 1259 OID 34500)
-- Name: auth_group_id_seq; Type: SEQUENCE; Schema: public; Owner: jairo
--

ALTER TABLE public.auth_group ALTER COLUMN id ADD GENERATED BY DEFAULT AS IDENTITY (
    SEQUENCE NAME public.auth_group_id_seq
    START WITH 1
    INCREMENT BY 1
    NO MINVALUE
    NO MAXVALUE
    CACHE 1
);


--
-- TOC entry 224 (class 1259 OID 34509)
-- Name: auth_group_permissions; Type: TABLE; Schema: public; Owner: jairo
--

CREATE TABLE public.auth_group_permissions (
    id bigint NOT NULL,
    group_id integer NOT NULL,
    permission_id integer NOT NULL
);


ALTER TABLE public.auth_group_permissions OWNER TO jairo;

--
-- TOC entry 223 (class 1259 OID 34508)
-- Name: auth_group_permissions_id_seq; Type: SEQUENCE; Schema: public; Owner: jairo
--

ALTER TABLE public.auth_group_permissions ALTER COLUMN id ADD GENERATED BY DEFAULT AS IDENTITY (
    SEQUENCE NAME public.auth_group_permissions_id_seq
    START WITH 1
    INCREMENT BY 1
    NO MINVALUE
    NO MAXVALUE
    CACHE 1
);


--
-- TOC entry 220 (class 1259 OID 34495)
-- Name: auth_permission; Type: TABLE; Schema: public; Owner: jairo
--

CREATE TABLE public.auth_permission (
    id integer NOT NULL,
    name character varying(255) NOT NULL,
    content_type_id integer NOT NULL,
    codename character varying(100) NOT NULL
);


ALTER TABLE public.auth_permission OWNER TO jairo;

--
-- TOC entry 219 (class 1259 OID 34494)
-- Name: auth_permission_id_seq; Type: SEQUENCE; Schema: public; Owner: jairo
--

ALTER TABLE public.auth_permission ALTER COLUMN id ADD GENERATED BY DEFAULT AS IDENTITY (
    SEQUENCE NAME public.auth_permission_id_seq
    START WITH 1
    INCREMENT BY 1
    NO MINVALUE
    NO MAXVALUE
    CACHE 1
);


--
-- TOC entry 277 (class 1259 OID 35182)
-- Name: django_admin_log; Type: TABLE; Schema: public; Owner: jairo
--

CREATE TABLE public.django_admin_log (
    id integer NOT NULL,
    action_time timestamp with time zone NOT NULL,
    object_id text,
    object_repr character varying(200) NOT NULL,
    action_flag smallint NOT NULL,
    change_message text NOT NULL,
    content_type_id integer,
    user_id bigint NOT NULL,
    CONSTRAINT django_admin_log_action_flag_check CHECK ((action_flag >= 0))
);


ALTER TABLE public.django_admin_log OWNER TO jairo;

--
-- TOC entry 276 (class 1259 OID 35181)
-- Name: django_admin_log_id_seq; Type: SEQUENCE; Schema: public; Owner: jairo
--

ALTER TABLE public.django_admin_log ALTER COLUMN id ADD GENERATED BY DEFAULT AS IDENTITY (
    SEQUENCE NAME public.django_admin_log_id_seq
    START WITH 1
    INCREMENT BY 1
    NO MINVALUE
    NO MAXVALUE
    CACHE 1
);


--
-- TOC entry 218 (class 1259 OID 34487)
-- Name: django_content_type; Type: TABLE; Schema: public; Owner: jairo
--

CREATE TABLE public.django_content_type (
    id integer NOT NULL,
    app_label character varying(100) NOT NULL,
    model character varying(100) NOT NULL
);


ALTER TABLE public.django_content_type OWNER TO jairo;

--
-- TOC entry 217 (class 1259 OID 34486)
-- Name: django_content_type_id_seq; Type: SEQUENCE; Schema: public; Owner: jairo
--

ALTER TABLE public.django_content_type ALTER COLUMN id ADD GENERATED BY DEFAULT AS IDENTITY (
    SEQUENCE NAME public.django_content_type_id_seq
    START WITH 1
    INCREMENT BY 1
    NO MINVALUE
    NO MAXVALUE
    CACHE 1
);


--
-- TOC entry 216 (class 1259 OID 34479)
-- Name: django_migrations; Type: TABLE; Schema: public; Owner: jairo
--

CREATE TABLE public.django_migrations (
    id bigint NOT NULL,
    app character varying(255) NOT NULL,
    name character varying(255) NOT NULL,
    applied timestamp with time zone NOT NULL
);


ALTER TABLE public.django_migrations OWNER TO jairo;

--
-- TOC entry 215 (class 1259 OID 34478)
-- Name: django_migrations_id_seq; Type: SEQUENCE; Schema: public; Owner: jairo
--

ALTER TABLE public.django_migrations ALTER COLUMN id ADD GENERATED BY DEFAULT AS IDENTITY (
    SEQUENCE NAME public.django_migrations_id_seq
    START WITH 1
    INCREMENT BY 1
    NO MINVALUE
    NO MAXVALUE
    CACHE 1
);


--
-- TOC entry 278 (class 1259 OID 35202)
-- Name: django_session; Type: TABLE; Schema: public; Owner: jairo
--

CREATE TABLE public.django_session (
    session_key character varying(40) NOT NULL,
    session_data text NOT NULL,
    expire_date timestamp with time zone NOT NULL
);


ALTER TABLE public.django_session OWNER TO jairo;

--
-- TOC entry 3733 (class 0 OID 34634)
-- Dependencies: 237
-- Data for Name: DevolucionesApp_devolucion; Type: TABLE DATA; Schema: public; Owner: jairo
--

COPY public."DevolucionesApp_devolucion" (state, fecha, update, id, orden, valor_total, tipo, referencia, tenant_id, usuario_id) FROM stdin;
\.


--
-- TOC entry 3735 (class 0 OID 34640)
-- Dependencies: 239
-- Data for Name: DevolucionesApp_motivodevolucion; Type: TABLE DATA; Schema: public; Owner: jairo
--

COPY public."DevolucionesApp_motivodevolucion" (state, fecha, update, id, nombre, tenant_id) FROM stdin;
\.


--
-- TOC entry 3737 (class 0 OID 34646)
-- Dependencies: 241
-- Data for Name: DevolucionesApp_relacionproductodevolucion; Type: TABLE DATA; Schema: public; Owner: jairo
--

COPY public."DevolucionesApp_relacionproductodevolucion" (state, fecha, update, id, cantidad, valor_venta_producto, descripcion, devolucion_id, motivo_id, producto_id, tenant_id) FROM stdin;
\.


--
-- TOC entry 3747 (class 0 OID 34776)
-- Dependencies: 251
-- Data for Name: EntradasApp_entrada; Type: TABLE DATA; Schema: public; Owner: jairo
--

COPY public."EntradasApp_entrada" (id, state, fecha, update, orden, estado, valor, tenant_id, usuario_id, proveedor_id) FROM stdin;
\.


--
-- TOC entry 3749 (class 0 OID 34782)
-- Dependencies: 253
-- Data for Name: EntradasApp_pagoentrada; Type: TABLE DATA; Schema: public; Owner: jairo
--

COPY public."EntradasApp_pagoentrada" (state, fecha, update, id, valor, entrada_id, metodo_de_pago_id, tenant_id) FROM stdin;
\.


--
-- TOC entry 3751 (class 0 OID 34788)
-- Dependencies: 255
-- Data for Name: EntradasApp_proveedor; Type: TABLE DATA; Schema: public; Owner: jairo
--

COPY public."EntradasApp_proveedor" (state, fecha, update, id, nombre, lugar, numero_contacto, estado, tenant_id) FROM stdin;
\.


--
-- TOC entry 3753 (class 0 OID 34794)
-- Dependencies: 257
-- Data for Name: EntradasApp_relacionproductoentrada; Type: TABLE DATA; Schema: public; Owner: jairo
--

COPY public."EntradasApp_relacionproductoentrada" (state, fecha, update, id, cantidad, valor, cantidad_devuelta, entrada_id, producto_id, tenant_id) FROM stdin;
\.


--
-- TOC entry 3739 (class 0 OID 34696)
-- Dependencies: 243
-- Data for Name: FinanzasApp_cierre; Type: TABLE DATA; Schema: public; Owner: jairo
--

COPY public."FinanzasApp_cierre" (state, fecha, update, id, valor, ganancia, tenant_id) FROM stdin;
\.


--
-- TOC entry 3741 (class 0 OID 34702)
-- Dependencies: 245
-- Data for Name: FinanzasApp_metododepago; Type: TABLE DATA; Schema: public; Owner: jairo
--

COPY public."FinanzasApp_metododepago" (state, fecha, update, id, nombre, saldo_actual, comision_banco, tenant_id) FROM stdin;
\.


--
-- TOC entry 3743 (class 0 OID 34708)
-- Dependencies: 247
-- Data for Name: FinanzasApp_movimientos; Type: TABLE DATA; Schema: public; Owner: jairo
--

COPY public."FinanzasApp_movimientos" (state, fecha, update, id, referencia, tipo, valor, metodo_de_pago_id, tenant_id, usuario_id) FROM stdin;
\.


--
-- TOC entry 3745 (class 0 OID 34714)
-- Dependencies: 249
-- Data for Name: FinanzasApp_transferencia; Type: TABLE DATA; Schema: public; Owner: jairo
--

COPY public."FinanzasApp_transferencia" (state, fecha, update, id, valor, descripcion, cuenta_destino_id, cuenta_origen_id, tenant_id, usuario_id) FROM stdin;
\.


--
-- TOC entry 3757 (class 0 OID 34866)
-- Dependencies: 261
-- Data for Name: GastosApp_gasto; Type: TABLE DATA; Schema: public; Owner: jairo
--

COPY public."GastosApp_gasto" (state, fecha, update, id, orden, valor, descripcion, metodo_de_pago_id, tenant_id, usuario_id, tipo_gasto_id) FROM stdin;
\.


--
-- TOC entry 3755 (class 0 OID 34860)
-- Dependencies: 259
-- Data for Name: GastosApp_tipogasto; Type: TABLE DATA; Schema: public; Owner: jairo
--

COPY public."GastosApp_tipogasto" (state, fecha, update, id, nombre, tenant_id) FROM stdin;
\.


--
-- TOC entry 3723 (class 0 OID 34548)
-- Dependencies: 227
-- Data for Name: GestionDeUsuariosApp_grupos; Type: TABLE DATA; Schema: public; Owner: jairo
--

COPY public."GestionDeUsuariosApp_grupos" (group_ptr_id, tenant_id) FROM stdin;
3	\N
4	3
\.


--
-- TOC entry 3763 (class 0 OID 35011)
-- Dependencies: 267
-- Data for Name: GestionDeUsuariosApp_grupos_grupo_permisos; Type: TABLE DATA; Schema: public; Owner: jairo
--

COPY public."GestionDeUsuariosApp_grupos_grupo_permisos" (id, grupos_id, permisosgrupo_id) FROM stdin;
6	3	4
7	4	5
\.


--
-- TOC entry 3759 (class 0 OID 34904)
-- Dependencies: 263
-- Data for Name: GestionDeUsuariosApp_permisosgrupo; Type: TABLE DATA; Schema: public; Owner: jairo
--

COPY public."GestionDeUsuariosApp_permisosgrupo" (id, nombre) FROM stdin;
4	Crear usuarios
5	Hacer devolucones
\.


--
-- TOC entry 3761 (class 0 OID 34912)
-- Dependencies: 265
-- Data for Name: GestionDeUsuariosApp_permisosgrupo_permisos; Type: TABLE DATA; Schema: public; Owner: jairo
--

COPY public."GestionDeUsuariosApp_permisosgrupo_permisos" (id, permisosgrupo_id, permission_id) FROM stdin;
61	4	77
62	4	78
63	4	79
64	4	80
65	4	81
66	4	82
67	4	83
68	4	84
69	5	32
70	5	21
71	5	22
72	5	23
74	5	25
75	5	26
76	5	27
77	5	28
78	5	29
79	5	30
80	5	31
81	5	24
\.


--
-- TOC entry 3722 (class 0 OID 34541)
-- Dependencies: 226
-- Data for Name: GestionDeUsuariosApp_tenant; Type: TABLE DATA; Schema: public; Owner: jairo
--

COPY public."GestionDeUsuariosApp_tenant" (id, nombre, direccion, telefono, email, fecha, update, state) FROM stdin;
3	Cliente 1	Kr 12 b	320492	jairourrego123@gmail.com	2024-07-17	2024-07-17 21:22:57.247994+00	t
\.


--
-- TOC entry 3725 (class 0 OID 34554)
-- Dependencies: 229
-- Data for Name: GestionDeUsuariosApp_usuarios; Type: TABLE DATA; Schema: public; Owner: jairo
--

COPY public."GestionDeUsuariosApp_usuarios" (id, password, last_login, is_superuser, first_name, last_name, email, is_staff, is_active, date_joined, tenant_id) FROM stdin;
7	pbkdf2_sha256$720000$VPtDQUwVstErkuNrObp000$xhr5WpPxLoRtRbJ7OUJF9fVtA3wemLuScfKLdsfuhDk=	2024-07-18 19:52:00.285931+00	f	Anyeli	Romo	anyeli@gmail.com	t	t	2024-07-17 21:49:24+00	3
5	pbkdf2_sha256$720000$dmiY35Km3CxKxndhA5M8Vv$2dUK/sReNCnhlYRKcV/WBP3grt8eWMTsqk1uP6s/uT0=	2024-07-18 20:10:37.445252+00	t	Jairo	Urrego	jairourrego123@gmail.com	t	t	2024-07-17 21:18:25+00	3
6	pbkdf2_sha256$720000$dITEpzfTjjcMsgvVoRfGXM$oJaIPAnErh3qm3JCbgR/2tONyVBLrqpBN+WYBW00KPI=	\N	f	Miller	Urrego	jairourrego.garay@kodland.team	t	t	2024-07-17 21:26:40+00	3
\.


--
-- TOC entry 3727 (class 0 OID 34564)
-- Dependencies: 231
-- Data for Name: GestionDeUsuariosApp_usuarios_groups; Type: TABLE DATA; Schema: public; Owner: jairo
--

COPY public."GestionDeUsuariosApp_usuarios_groups" (id, usuarios_id, grupos_id) FROM stdin;
11	6	3
12	7	3
13	7	4
\.


--
-- TOC entry 3729 (class 0 OID 34570)
-- Dependencies: 233
-- Data for Name: GestionDeUsuariosApp_usuarios_user_permissions; Type: TABLE DATA; Schema: public; Owner: jairo
--

COPY public."GestionDeUsuariosApp_usuarios_user_permissions" (id, usuarios_id, permission_id) FROM stdin;
\.


--
-- TOC entry 3731 (class 0 OID 34622)
-- Dependencies: 235
-- Data for Name: InventarioApp_producto; Type: TABLE DATA; Schema: public; Owner: jairo
--

COPY public."InventarioApp_producto" (state, fecha, update, id, referencia, estilo, talla, color, cantidad, stock_min, estado, valor, valor_compra, tenant_id) FROM stdin;
\.


--
-- TOC entry 3765 (class 0 OID 35096)
-- Dependencies: 269
-- Data for Name: VentasApp_cliente; Type: TABLE DATA; Schema: public; Owner: jairo
--

COPY public."VentasApp_cliente" (state, fecha, update, id, nombre, lugar, numero_contacto, estado, tenant_id) FROM stdin;
\.


--
-- TOC entry 3771 (class 0 OID 35116)
-- Dependencies: 275
-- Data for Name: VentasApp_pagoventa; Type: TABLE DATA; Schema: public; Owner: jairo
--

COPY public."VentasApp_pagoventa" (state, fecha, update, id, valor, metodo_de_pago_id, tenant_id, venta_id) FROM stdin;
\.


--
-- TOC entry 3769 (class 0 OID 35110)
-- Dependencies: 273
-- Data for Name: VentasApp_relacionproductoventa; Type: TABLE DATA; Schema: public; Owner: jairo
--

COPY public."VentasApp_relacionproductoventa" (id, state, fecha, update, cantidad, valor_venta_producto, valor_compra, ganancia, cantidad_devuelta, producto_id, tenant_id, venta_id) FROM stdin;
\.


--
-- TOC entry 3767 (class 0 OID 35104)
-- Dependencies: 271
-- Data for Name: VentasApp_venta; Type: TABLE DATA; Schema: public; Owner: jairo
--

COPY public."VentasApp_venta" (state, fecha, update, id, orden, valor_total, valor_total_ajustado, ganancia_total, ganancia_total_ajustada, cantidad_total, estado, cliente_id, tenant_id, usuario_id) FROM stdin;
\.


--
-- TOC entry 3718 (class 0 OID 34501)
-- Dependencies: 222
-- Data for Name: auth_group; Type: TABLE DATA; Schema: public; Owner: jairo
--

COPY public.auth_group (id, name) FROM stdin;
3	Coordinador
4	Vendedor
\.


--
-- TOC entry 3720 (class 0 OID 34509)
-- Dependencies: 224
-- Data for Name: auth_group_permissions; Type: TABLE DATA; Schema: public; Owner: jairo
--

COPY public.auth_group_permissions (id, group_id, permission_id) FROM stdin;
\.


--
-- TOC entry 3716 (class 0 OID 34495)
-- Dependencies: 220
-- Data for Name: auth_permission; Type: TABLE DATA; Schema: public; Owner: jairo
--

COPY public.auth_permission (id, name, content_type_id, codename) FROM stdin;
1	Can add log entry	1	add_logentry
2	Can change log entry	1	change_logentry
3	Can delete log entry	1	delete_logentry
4	Can view log entry	1	view_logentry
5	Can add permission	2	add_permission
6	Can change permission	2	change_permission
7	Can delete permission	2	delete_permission
8	Can view permission	2	view_permission
9	Can add group	3	add_group
10	Can change group	3	change_group
11	Can delete group	3	delete_group
12	Can view group	3	view_group
13	Can add content type	4	add_contenttype
14	Can change content type	4	change_contenttype
15	Can delete content type	4	delete_contenttype
16	Can view content type	4	view_contenttype
17	Can add session	5	add_session
18	Can change session	5	change_session
19	Can delete session	5	delete_session
20	Can view session	5	view_session
21	Can add Devolución	6	add_devolucion
22	Can change Devolución	6	change_devolucion
23	Can delete Devolución	6	delete_devolucion
24	Can view Devolución	6	view_devolucion
25	Can add Motivo de Devolución	7	add_motivodevolucion
26	Can change Motivo de Devolución	7	change_motivodevolucion
27	Can delete Motivo de Devolución	7	delete_motivodevolucion
28	Can view Motivo de Devolución	7	view_motivodevolucion
29	Can add Relación Producto Devolución	8	add_relacionproductodevolucion
30	Can change Relación Producto Devolución	8	change_relacionproductodevolucion
31	Can delete Relación Producto Devolución	8	delete_relacionproductodevolucion
32	Can view Relación Producto Devolución	8	view_relacionproductodevolucion
33	Can add Entrada	9	add_entrada
34	Can change Entrada	9	change_entrada
35	Can delete Entrada	9	delete_entrada
36	Can view Entrada	9	view_entrada
37	Can add Pago Entrada	10	add_pagoentrada
38	Can change Pago Entrada	10	change_pagoentrada
39	Can delete Pago Entrada	10	delete_pagoentrada
40	Can view Pago Entrada	10	view_pagoentrada
41	Can add Proveedor	11	add_proveedor
42	Can change Proveedor	11	change_proveedor
43	Can delete Proveedor	11	delete_proveedor
44	Can view Proveedor	11	view_proveedor
45	Can add Relación Producto Entrada	12	add_relacionproductoentrada
46	Can change Relación Producto Entrada	12	change_relacionproductoentrada
47	Can delete Relación Producto Entrada	12	delete_relacionproductoentrada
48	Can view Relación Producto Entrada	12	view_relacionproductoentrada
49	Can add Cierre	13	add_cierre
50	Can change Cierre	13	change_cierre
51	Can delete Cierre	13	delete_cierre
52	Can view Cierre	13	view_cierre
53	Can add Método de Pago	14	add_metododepago
54	Can change Método de Pago	14	change_metododepago
55	Can delete Método de Pago	14	delete_metododepago
56	Can view Método de Pago	14	view_metododepago
57	Can add Movimiento	15	add_movimientos
58	Can change Movimiento	15	change_movimientos
59	Can delete Movimiento	15	delete_movimientos
60	Can view Movimiento	15	view_movimientos
61	Can add Transferencia	16	add_transferencia
62	Can change Transferencia	16	change_transferencia
63	Can delete Transferencia	16	delete_transferencia
64	Can view Transferencia	16	view_transferencia
65	Can add tipo gasto	17	add_tipogasto
66	Can change tipo gasto	17	change_tipogasto
67	Can delete tipo gasto	17	delete_tipogasto
68	Can view tipo gasto	17	view_tipogasto
69	Can add Gasto	18	add_gasto
70	Can change Gasto	18	change_gasto
71	Can delete Gasto	18	delete_gasto
72	Can view Gasto	18	view_gasto
73	Can add tenant	19	add_tenant
74	Can change tenant	19	change_tenant
75	Can delete tenant	19	delete_tenant
76	Can view tenant	19	view_tenant
77	Can add Grupo	20	add_grupos
78	Can change Grupo	20	change_grupos
79	Can delete Grupo	20	delete_grupos
80	Can view Grupo	20	view_grupos
81	Can add Usuario	21	add_usuarios
82	Can change Usuario	21	change_usuarios
83	Can delete Usuario	21	delete_usuarios
84	Can view Usuario	21	view_usuarios
85	Can add Permiso	22	add_permisosgrupo
86	Can change Permiso	22	change_permisosgrupo
87	Can delete Permiso	22	delete_permisosgrupo
88	Can view Permiso	22	view_permisosgrupo
89	Can add Producto	23	add_producto
90	Can change Producto	23	change_producto
91	Can delete Producto	23	delete_producto
92	Can view Producto	23	view_producto
93	Can add Cliente	24	add_cliente
94	Can change Cliente	24	change_cliente
95	Can delete Cliente	24	delete_cliente
96	Can view Cliente	24	view_cliente
97	Can add Venta	25	add_venta
98	Can change Venta	25	change_venta
99	Can delete Venta	25	delete_venta
100	Can view Venta	25	view_venta
101	Can add Relación Producto Venta	26	add_relacionproductoventa
102	Can change Relación Producto Venta	26	change_relacionproductoventa
103	Can delete Relación Producto Venta	26	delete_relacionproductoventa
104	Can view Relación Producto Venta	26	view_relacionproductoventa
105	Can add Pago Venta	27	add_pagoventa
106	Can change Pago Venta	27	change_pagoventa
107	Can delete Pago Venta	27	delete_pagoventa
108	Can view Pago Venta	27	view_pagoventa
\.


--
-- TOC entry 3773 (class 0 OID 35182)
-- Dependencies: 277
-- Data for Name: django_admin_log; Type: TABLE DATA; Schema: public; Owner: jairo
--

COPY public.django_admin_log (id, action_time, object_id, object_repr, action_flag, change_message, content_type_id, user_id) FROM stdin;
40	2024-07-17 21:22:57.249417+00	3	Cliente 1	1	[{"added": {}}]	19	5
41	2024-07-17 21:25:07.766723+00	4	Coordinador	1	[{"added": {}}]	22	5
42	2024-07-17 21:25:14.437011+00	4	Administrador	2	[{"changed": {"fields": ["Nombre"]}}]	22	5
43	2024-07-17 21:25:28.444852+00	4	Crear usuarios	2	[{"changed": {"fields": ["Nombre"]}}]	22	5
44	2024-07-17 21:25:37.311154+00	3	Coordinador	1	[{"added": {}}]	20	5
45	2024-07-17 21:26:03.42298+00	5	Hacer devolucones	1	[{"added": {}}]	22	5
46	2024-07-17 21:26:41.23003+00	6	Miller	1	[{"added": {}}]	21	5
47	2024-07-17 21:46:04.447271+00	6	Miller	2	[{"changed": {"fields": ["Tenant", "Last login"]}}]	21	5
48	2024-07-17 21:46:13.503211+00	6	Miller	2	[]	21	6
49	2024-07-17 21:49:25.170637+00	7	Anyeli	1	[{"added": {}}]	21	6
50	2024-07-17 22:04:36.912312+00	4	Vendedor	1	[{"added": {}}]	20	6
51	2024-07-17 22:49:51.913057+00	1	Devolución 1 - Venta	1	[{"added": {}}]	6	5
52	2024-07-17 22:57:16.023023+00	5	Jairo	2	[{"changed": {"fields": ["Tenant"]}}]	21	5
53	2024-07-17 22:57:36.675093+00	5	Jairo	2	[{"changed": {"fields": ["Tenant"]}}]	21	5
54	2024-07-17 22:57:46.345184+00	5	Jairo	2	[{"changed": {"fields": ["Tenant"]}}]	21	5
55	2024-07-17 23:45:01.418529+00	7	Anyeli	2	[{"changed": {"fields": ["Rol de Usuario"]}}]	21	5
56	2024-07-17 23:45:47.323518+00	4	Vendedor	2	[]	20	5
57	2024-07-17 23:46:15.061067+00	1	Devolución 1 - Venta	2	[]	6	5
58	2024-07-17 23:51:47.580247+00	7	Anyeli	2	[]	21	5
59	2024-07-18 20:10:57.395196+00	5	Hacer devolucones	2	[{"changed": {"fields": ["Permisos"]}}]	22	5
60	2024-07-18 20:17:48.788532+00	5	Hacer devolucones	2	[{"changed": {"fields": ["Permisos"]}}]	22	5
61	2024-07-18 20:29:06.648916+00	5	Hacer devolucones	2	[]	22	5
\.


--
-- TOC entry 3714 (class 0 OID 34487)
-- Dependencies: 218
-- Data for Name: django_content_type; Type: TABLE DATA; Schema: public; Owner: jairo
--

COPY public.django_content_type (id, app_label, model) FROM stdin;
1	admin	logentry
2	auth	permission
3	auth	group
4	contenttypes	contenttype
5	sessions	session
6	DevolucionesApp	devolucion
7	DevolucionesApp	motivodevolucion
8	DevolucionesApp	relacionproductodevolucion
9	EntradasApp	entrada
10	EntradasApp	pagoentrada
11	EntradasApp	proveedor
12	EntradasApp	relacionproductoentrada
13	FinanzasApp	cierre
14	FinanzasApp	metododepago
15	FinanzasApp	movimientos
16	FinanzasApp	transferencia
17	GastosApp	tipogasto
18	GastosApp	gasto
19	GestionDeUsuariosApp	tenant
20	GestionDeUsuariosApp	grupos
21	GestionDeUsuariosApp	usuarios
22	GestionDeUsuariosApp	permisosgrupo
23	InventarioApp	producto
24	VentasApp	cliente
25	VentasApp	venta
26	VentasApp	relacionproductoventa
27	VentasApp	pagoventa
\.


--
-- TOC entry 3712 (class 0 OID 34479)
-- Dependencies: 216
-- Data for Name: django_migrations; Type: TABLE DATA; Schema: public; Owner: jairo
--

COPY public.django_migrations (id, app, name, applied) FROM stdin;
1	contenttypes	0001_initial	2024-07-16 21:47:19.828828+00
2	contenttypes	0002_remove_content_type_name	2024-07-16 21:47:19.835272+00
3	auth	0001_initial	2024-07-16 21:47:19.865877+00
4	auth	0002_alter_permission_name_max_length	2024-07-16 21:47:19.87275+00
5	auth	0003_alter_user_email_max_length	2024-07-16 21:47:19.877429+00
6	auth	0004_alter_user_username_opts	2024-07-16 21:47:19.882691+00
7	auth	0005_alter_user_last_login_null	2024-07-16 21:47:19.888165+00
8	auth	0006_require_contenttypes_0002	2024-07-16 21:47:19.890508+00
9	auth	0007_alter_validators_add_error_messages	2024-07-16 21:47:19.89634+00
10	auth	0008_alter_user_username_max_length	2024-07-16 21:47:19.90155+00
11	auth	0009_alter_user_last_name_max_length	2024-07-16 21:47:19.907791+00
12	auth	0010_alter_group_name_max_length	2024-07-16 21:47:19.914578+00
13	auth	0011_update_proxy_permissions	2024-07-16 21:47:19.919423+00
14	auth	0012_alter_user_first_name_max_length	2024-07-16 21:47:19.926204+00
15	GestionDeUsuariosApp	0001_initial	2024-07-16 21:47:19.974079+00
16	InventarioApp	0001_initial	2024-07-16 21:47:19.989554+00
17	DevolucionesApp	0001_initial	2024-07-16 21:47:20.001331+00
18	DevolucionesApp	0002_initial	2024-07-16 21:47:20.079412+00
19	FinanzasApp	0001_initial	2024-07-16 21:47:20.093542+00
20	FinanzasApp	0002_initial	2024-07-16 21:47:20.224411+00
21	EntradasApp	0001_initial	2024-07-16 21:47:20.239142+00
22	EntradasApp	0002_initial	2024-07-16 21:47:20.424366+00
23	GastosApp	0001_initial	2024-07-16 21:47:20.451287+00
24	GastosApp	0002_initial	2024-07-16 21:47:20.52578+00
25	GestionDeUsuariosApp	0002_permisosgrupo_grupos_permisos_grupo	2024-07-16 21:47:20.589019+00
26	GestionDeUsuariosApp	0003_alter_grupos_options_alter_usuarios_options_and_more	2024-07-16 21:47:20.644635+00
27	GestionDeUsuariosApp	0004_remove_usuarios_group_usuarios_group	2024-07-16 21:47:20.699707+00
28	GestionDeUsuariosApp	0005_alter_usuarios_group	2024-07-16 21:47:20.72264+00
29	GestionDeUsuariosApp	0006_remove_usuarios_group	2024-07-16 21:47:20.745159+00
30	GestionDeUsuariosApp	0007_alter_usuarios_password	2024-07-16 21:47:20.765473+00
31	GestionDeUsuariosApp	0008_alter_usuarios_password	2024-07-16 21:47:20.78952+00
32	GestionDeUsuariosApp	0009_remove_grupos_permisos_grupo_permisosgrupo_group	2024-07-16 21:47:20.834974+00
33	GestionDeUsuariosApp	0010_alter_usuarios_groups	2024-07-16 21:47:20.859466+00
34	GestionDeUsuariosApp	0011_remove_permisosgrupo_group_permisosgrupo_group	2024-07-16 21:47:20.913056+00
35	GestionDeUsuariosApp	0012_alter_permisosgrupo_options_and_more	2024-07-16 21:47:20.967724+00
36	GestionDeUsuariosApp	0013_alter_usuarios_groups	2024-07-16 21:47:20.992853+00
37	GestionDeUsuariosApp	0014_alter_usuarios_groups	2024-07-16 21:47:21.018919+00
38	GestionDeUsuariosApp	0015_usuarios_grupos_alter_usuarios_groups	2024-07-16 21:47:21.076814+00
39	GestionDeUsuariosApp	0016_remove_usuarios_grupos_alter_usuarios_groups	2024-07-16 21:47:21.163697+00
40	GestionDeUsuariosApp	0017_alter_usuarios_groups	2024-07-16 21:47:21.197958+00
41	GestionDeUsuariosApp	0018_alter_usuarios_managers	2024-07-16 21:47:21.216628+00
42	VentasApp	0001_initial	2024-07-16 21:47:21.332804+00
43	admin	0001_initial	2024-07-16 21:47:21.365397+00
44	admin	0002_logentry_remove_auto_add	2024-07-16 21:47:21.377163+00
45	admin	0003_logentry_add_action_flag_choices	2024-07-16 21:47:21.391749+00
46	sessions	0001_initial	2024-07-16 21:47:21.401972+00
47	DevolucionesApp	0003_alter_devolucion_tenant_and_more	2024-07-17 19:42:49.897919+00
48	EntradasApp	0003_alter_entrada_tenant_alter_pagoentrada_tenant_and_more	2024-07-17 19:42:49.989871+00
49	FinanzasApp	0003_alter_cierre_tenant_alter_metododepago_tenant_and_more	2024-07-17 19:42:50.089477+00
50	GastosApp	0003_alter_gasto_tenant_alter_tipogasto_tenant	2024-07-17 19:42:50.138871+00
51	InventarioApp	0002_alter_producto_tenant	2024-07-17 19:42:50.198834+00
52	VentasApp	0002_alter_cliente_tenant_alter_pagoventa_tenant_and_more	2024-07-17 19:42:50.29552+00
53	GestionDeUsuariosApp	0019_alter_grupos_grupo_permisos	2024-07-17 20:43:22.749014+00
54	GestionDeUsuariosApp	0020_remove_usuarios_username_alter_usuarios_email	2024-07-17 21:16:33.076854+00
\.


--
-- TOC entry 3774 (class 0 OID 35202)
-- Dependencies: 278
-- Data for Name: django_session; Type: TABLE DATA; Schema: public; Owner: jairo
--

COPY public.django_session (session_key, session_data, expire_date) FROM stdin;
eivobchnldk7d8psgay71kjjv0ry3ltr	.eJxVjDsOwjAQBe_iGln-yHaWkp4zWOvdNQ6gRIqTCnF3iJQC2jcz76UybmvLW5clj6zOyqnT71aQHjLtgO843WZN87QuY9G7og_a9XVmeV4O9--gYW_fOnkynkIkCyQGoFoMHhw4wThECpZ4oAQ-JGESMbFyAuew1MClVFHvD99iOKg:1sTsX6:s7V26sgDc6jVOs677zafaffKcjhdAe5DSoH45eqsjFw	2024-07-31 00:28:36.258581+00
mam266vlvnt76u0xejdnp7m2n2jsxzmx	.eJxVjEEOwiAQRe_C2hCglAGX7j0DmYGpVA0kpV0Z765NutDtf-_9l4i4rSVunZc4Z3EWWpx-N8L04LqDfMd6azK1ui4zyV2RB-3y2jI_L4f7d1Cwl2_txoAGw6Cd0TQaE9CHhIl8UmyBXGACpY31Cdw0DQHIIllgxaA8QBbvD85VN4E:1sTshn:Eh-wRqP6y22stjkFw2p3DR50QkjrXY3DuJa1ouL8jwc	2024-07-31 00:39:39.151916+00
cgsxw1a0ifshj61g4t8qs0s0i5ukj2a4	.eJxVjEEOwiAQRe_C2hDKUASX7j0DYYZBqgaS0q6Md7dNutDte-__twhxXUpYO89hSuIirDj9Moz05LqL9Ij13iS1uswTyj2Rh-3y1hK_rkf7d1BiL9t6BDDAYNACOI8GzpQt64EACZ1N2meIym1IedYIJgEqxYzOZxoHJz5fznw3pQ:1sUCSB:gQVtLEhBiHSaHMJ42rx_awKlXLqRQGTyDXXJHIXDPvw	2024-07-31 21:44:51.945446+00
dlck85hwsdtqxfmmpv6renrle3dhpsuc	.eJxVjEEOwiAQAP_C2RCWFgGP3n0D2WVBqgaS0p6MfzckPeh1ZjJvEXDfSth7WsPC4iKMOP0ywvhMdQh-YL03GVvd1oXkSORhu7w1Tq_r0f4NCvYytjpGA2Z2ihSejZ95MhHBEnkCgISWdSJSPmtQwI69T1nnSSnL2ZMTny_brTf1:1sUXSX:KXRlHZzl-W8guLwKxIhHjXIgiV0AtsezoVtT-3c9aBk	2024-08-01 20:10:37.447555+00
\.


--
-- TOC entry 3781 (class 0 OID 0)
-- Dependencies: 236
-- Name: DevolucionesApp_devolucion_id_seq; Type: SEQUENCE SET; Schema: public; Owner: jairo
--

SELECT pg_catalog.setval('public."DevolucionesApp_devolucion_id_seq"', 1, true);


--
-- TOC entry 3782 (class 0 OID 0)
-- Dependencies: 238
-- Name: DevolucionesApp_motivodevolucion_id_seq; Type: SEQUENCE SET; Schema: public; Owner: jairo
--

SELECT pg_catalog.setval('public."DevolucionesApp_motivodevolucion_id_seq"', 1, true);


--
-- TOC entry 3783 (class 0 OID 0)
-- Dependencies: 240
-- Name: DevolucionesApp_relacionproductodevolucion_id_seq; Type: SEQUENCE SET; Schema: public; Owner: jairo
--

SELECT pg_catalog.setval('public."DevolucionesApp_relacionproductodevolucion_id_seq"', 1, false);


--
-- TOC entry 3784 (class 0 OID 0)
-- Dependencies: 250
-- Name: EntradasApp_entrada_id_seq; Type: SEQUENCE SET; Schema: public; Owner: jairo
--

SELECT pg_catalog.setval('public."EntradasApp_entrada_id_seq"', 1, false);


--
-- TOC entry 3785 (class 0 OID 0)
-- Dependencies: 252
-- Name: EntradasApp_pagoentrada_id_seq; Type: SEQUENCE SET; Schema: public; Owner: jairo
--

SELECT pg_catalog.setval('public."EntradasApp_pagoentrada_id_seq"', 1, false);


--
-- TOC entry 3786 (class 0 OID 0)
-- Dependencies: 254
-- Name: EntradasApp_proveedor_id_seq; Type: SEQUENCE SET; Schema: public; Owner: jairo
--

SELECT pg_catalog.setval('public."EntradasApp_proveedor_id_seq"', 1, false);


--
-- TOC entry 3787 (class 0 OID 0)
-- Dependencies: 256
-- Name: EntradasApp_relacionproductoentrada_id_seq; Type: SEQUENCE SET; Schema: public; Owner: jairo
--

SELECT pg_catalog.setval('public."EntradasApp_relacionproductoentrada_id_seq"', 1, false);


--
-- TOC entry 3788 (class 0 OID 0)
-- Dependencies: 242
-- Name: FinanzasApp_cierre_id_seq; Type: SEQUENCE SET; Schema: public; Owner: jairo
--

SELECT pg_catalog.setval('public."FinanzasApp_cierre_id_seq"', 1, false);


--
-- TOC entry 3789 (class 0 OID 0)
-- Dependencies: 244
-- Name: FinanzasApp_metododepago_id_seq; Type: SEQUENCE SET; Schema: public; Owner: jairo
--

SELECT pg_catalog.setval('public."FinanzasApp_metododepago_id_seq"', 1, false);


--
-- TOC entry 3790 (class 0 OID 0)
-- Dependencies: 246
-- Name: FinanzasApp_movimientos_id_seq; Type: SEQUENCE SET; Schema: public; Owner: jairo
--

SELECT pg_catalog.setval('public."FinanzasApp_movimientos_id_seq"', 1, false);


--
-- TOC entry 3791 (class 0 OID 0)
-- Dependencies: 248
-- Name: FinanzasApp_transferencia_id_seq; Type: SEQUENCE SET; Schema: public; Owner: jairo
--

SELECT pg_catalog.setval('public."FinanzasApp_transferencia_id_seq"', 1, false);


--
-- TOC entry 3792 (class 0 OID 0)
-- Dependencies: 260
-- Name: GastosApp_gasto_id_seq; Type: SEQUENCE SET; Schema: public; Owner: jairo
--

SELECT pg_catalog.setval('public."GastosApp_gasto_id_seq"', 1, false);


--
-- TOC entry 3793 (class 0 OID 0)
-- Dependencies: 258
-- Name: GastosApp_tipogasto_id_seq; Type: SEQUENCE SET; Schema: public; Owner: jairo
--

SELECT pg_catalog.setval('public."GastosApp_tipogasto_id_seq"', 1, false);


--
-- TOC entry 3794 (class 0 OID 0)
-- Dependencies: 266
-- Name: GestionDeUsuariosApp_grupos_grupo_permisos_id_seq; Type: SEQUENCE SET; Schema: public; Owner: jairo
--

SELECT pg_catalog.setval('public."GestionDeUsuariosApp_grupos_grupo_permisos_id_seq"', 7, true);


--
-- TOC entry 3795 (class 0 OID 0)
-- Dependencies: 262
-- Name: GestionDeUsuariosApp_permisosgrupo_id_seq; Type: SEQUENCE SET; Schema: public; Owner: jairo
--

SELECT pg_catalog.setval('public."GestionDeUsuariosApp_permisosgrupo_id_seq"', 5, true);


--
-- TOC entry 3796 (class 0 OID 0)
-- Dependencies: 264
-- Name: GestionDeUsuariosApp_permisosgrupo_permisos_id_seq; Type: SEQUENCE SET; Schema: public; Owner: jairo
--

SELECT pg_catalog.setval('public."GestionDeUsuariosApp_permisosgrupo_permisos_id_seq"', 81, true);


--
-- TOC entry 3797 (class 0 OID 0)
-- Dependencies: 225
-- Name: GestionDeUsuariosApp_tenant_id_seq; Type: SEQUENCE SET; Schema: public; Owner: jairo
--

SELECT pg_catalog.setval('public."GestionDeUsuariosApp_tenant_id_seq"', 3, true);


--
-- TOC entry 3798 (class 0 OID 0)
-- Dependencies: 230
-- Name: GestionDeUsuariosApp_usuarios_groups_id_seq; Type: SEQUENCE SET; Schema: public; Owner: jairo
--

SELECT pg_catalog.setval('public."GestionDeUsuariosApp_usuarios_groups_id_seq"', 13, true);


--
-- TOC entry 3799 (class 0 OID 0)
-- Dependencies: 228
-- Name: GestionDeUsuariosApp_usuarios_id_seq; Type: SEQUENCE SET; Schema: public; Owner: jairo
--

SELECT pg_catalog.setval('public."GestionDeUsuariosApp_usuarios_id_seq"', 7, true);


--
-- TOC entry 3800 (class 0 OID 0)
-- Dependencies: 232
-- Name: GestionDeUsuariosApp_usuarios_user_permissions_id_seq; Type: SEQUENCE SET; Schema: public; Owner: jairo
--

SELECT pg_catalog.setval('public."GestionDeUsuariosApp_usuarios_user_permissions_id_seq"', 1, false);


--
-- TOC entry 3801 (class 0 OID 0)
-- Dependencies: 234
-- Name: InventarioApp_producto_id_seq; Type: SEQUENCE SET; Schema: public; Owner: jairo
--

SELECT pg_catalog.setval('public."InventarioApp_producto_id_seq"', 1, false);


--
-- TOC entry 3802 (class 0 OID 0)
-- Dependencies: 268
-- Name: VentasApp_cliente_id_seq; Type: SEQUENCE SET; Schema: public; Owner: jairo
--

SELECT pg_catalog.setval('public."VentasApp_cliente_id_seq"', 1, false);


--
-- TOC entry 3803 (class 0 OID 0)
-- Dependencies: 274
-- Name: VentasApp_pagoventa_id_seq; Type: SEQUENCE SET; Schema: public; Owner: jairo
--

SELECT pg_catalog.setval('public."VentasApp_pagoventa_id_seq"', 1, false);


--
-- TOC entry 3804 (class 0 OID 0)
-- Dependencies: 272
-- Name: VentasApp_relacionproductoventa_id_seq; Type: SEQUENCE SET; Schema: public; Owner: jairo
--

SELECT pg_catalog.setval('public."VentasApp_relacionproductoventa_id_seq"', 1, false);


--
-- TOC entry 3805 (class 0 OID 0)
-- Dependencies: 270
-- Name: VentasApp_venta_id_seq; Type: SEQUENCE SET; Schema: public; Owner: jairo
--

SELECT pg_catalog.setval('public."VentasApp_venta_id_seq"', 1, false);


--
-- TOC entry 3806 (class 0 OID 0)
-- Dependencies: 221
-- Name: auth_group_id_seq; Type: SEQUENCE SET; Schema: public; Owner: jairo
--

SELECT pg_catalog.setval('public.auth_group_id_seq', 4, true);


--
-- TOC entry 3807 (class 0 OID 0)
-- Dependencies: 223
-- Name: auth_group_permissions_id_seq; Type: SEQUENCE SET; Schema: public; Owner: jairo
--

SELECT pg_catalog.setval('public.auth_group_permissions_id_seq', 1, false);


--
-- TOC entry 3808 (class 0 OID 0)
-- Dependencies: 219
-- Name: auth_permission_id_seq; Type: SEQUENCE SET; Schema: public; Owner: jairo
--

SELECT pg_catalog.setval('public.auth_permission_id_seq', 108, true);


--
-- TOC entry 3809 (class 0 OID 0)
-- Dependencies: 276
-- Name: django_admin_log_id_seq; Type: SEQUENCE SET; Schema: public; Owner: jairo
--

SELECT pg_catalog.setval('public.django_admin_log_id_seq', 61, true);


--
-- TOC entry 3810 (class 0 OID 0)
-- Dependencies: 217
-- Name: django_content_type_id_seq; Type: SEQUENCE SET; Schema: public; Owner: jairo
--

SELECT pg_catalog.setval('public.django_content_type_id_seq', 27, true);


--
-- TOC entry 3811 (class 0 OID 0)
-- Dependencies: 215
-- Name: django_migrations_id_seq; Type: SEQUENCE SET; Schema: public; Owner: jairo
--

SELECT pg_catalog.setval('public.django_migrations_id_seq', 54, true);


--
-- TOC entry 3411 (class 2606 OID 34638)
-- Name: DevolucionesApp_devolucion DevolucionesApp_devolucion_pkey; Type: CONSTRAINT; Schema: public; Owner: jairo
--

ALTER TABLE ONLY public."DevolucionesApp_devolucion"
    ADD CONSTRAINT "DevolucionesApp_devolucion_pkey" PRIMARY KEY (id);


--
-- TOC entry 3415 (class 2606 OID 34644)
-- Name: DevolucionesApp_motivodevolucion DevolucionesApp_motivodevolucion_pkey; Type: CONSTRAINT; Schema: public; Owner: jairo
--

ALTER TABLE ONLY public."DevolucionesApp_motivodevolucion"
    ADD CONSTRAINT "DevolucionesApp_motivodevolucion_pkey" PRIMARY KEY (id);


--
-- TOC entry 3420 (class 2606 OID 34652)
-- Name: DevolucionesApp_relacionproductodevolucion DevolucionesApp_relacionproductodevolucion_pkey; Type: CONSTRAINT; Schema: public; Owner: jairo
--

ALTER TABLE ONLY public."DevolucionesApp_relacionproductodevolucion"
    ADD CONSTRAINT "DevolucionesApp_relacionproductodevolucion_pkey" PRIMARY KEY (id);


--
-- TOC entry 3441 (class 2606 OID 34780)
-- Name: EntradasApp_entrada EntradasApp_entrada_pkey; Type: CONSTRAINT; Schema: public; Owner: jairo
--

ALTER TABLE ONLY public."EntradasApp_entrada"
    ADD CONSTRAINT "EntradasApp_entrada_pkey" PRIMARY KEY (id);


--
-- TOC entry 3448 (class 2606 OID 34786)
-- Name: EntradasApp_pagoentrada EntradasApp_pagoentrada_pkey; Type: CONSTRAINT; Schema: public; Owner: jairo
--

ALTER TABLE ONLY public."EntradasApp_pagoentrada"
    ADD CONSTRAINT "EntradasApp_pagoentrada_pkey" PRIMARY KEY (id);


--
-- TOC entry 3451 (class 2606 OID 34792)
-- Name: EntradasApp_proveedor EntradasApp_proveedor_pkey; Type: CONSTRAINT; Schema: public; Owner: jairo
--

ALTER TABLE ONLY public."EntradasApp_proveedor"
    ADD CONSTRAINT "EntradasApp_proveedor_pkey" PRIMARY KEY (id);


--
-- TOC entry 3455 (class 2606 OID 34798)
-- Name: EntradasApp_relacionproductoentrada EntradasApp_relacionproductoentrada_pkey; Type: CONSTRAINT; Schema: public; Owner: jairo
--

ALTER TABLE ONLY public."EntradasApp_relacionproductoentrada"
    ADD CONSTRAINT "EntradasApp_relacionproductoentrada_pkey" PRIMARY KEY (id);


--
-- TOC entry 3424 (class 2606 OID 34700)
-- Name: FinanzasApp_cierre FinanzasApp_cierre_pkey; Type: CONSTRAINT; Schema: public; Owner: jairo
--

ALTER TABLE ONLY public."FinanzasApp_cierre"
    ADD CONSTRAINT "FinanzasApp_cierre_pkey" PRIMARY KEY (id);


--
-- TOC entry 3427 (class 2606 OID 34706)
-- Name: FinanzasApp_metododepago FinanzasApp_metododepago_pkey; Type: CONSTRAINT; Schema: public; Owner: jairo
--

ALTER TABLE ONLY public."FinanzasApp_metododepago"
    ADD CONSTRAINT "FinanzasApp_metododepago_pkey" PRIMARY KEY (id);


--
-- TOC entry 3431 (class 2606 OID 34712)
-- Name: FinanzasApp_movimientos FinanzasApp_movimientos_pkey; Type: CONSTRAINT; Schema: public; Owner: jairo
--

ALTER TABLE ONLY public."FinanzasApp_movimientos"
    ADD CONSTRAINT "FinanzasApp_movimientos_pkey" PRIMARY KEY (id);


--
-- TOC entry 3437 (class 2606 OID 34720)
-- Name: FinanzasApp_transferencia FinanzasApp_transferencia_pkey; Type: CONSTRAINT; Schema: public; Owner: jairo
--

ALTER TABLE ONLY public."FinanzasApp_transferencia"
    ADD CONSTRAINT "FinanzasApp_transferencia_pkey" PRIMARY KEY (id);


--
-- TOC entry 3463 (class 2606 OID 34872)
-- Name: GastosApp_gasto GastosApp_gasto_pkey; Type: CONSTRAINT; Schema: public; Owner: jairo
--

ALTER TABLE ONLY public."GastosApp_gasto"
    ADD CONSTRAINT "GastosApp_gasto_pkey" PRIMARY KEY (id);


--
-- TOC entry 3459 (class 2606 OID 34864)
-- Name: GastosApp_tipogasto GastosApp_tipogasto_pkey; Type: CONSTRAINT; Schema: public; Owner: jairo
--

ALTER TABLE ONLY public."GastosApp_tipogasto"
    ADD CONSTRAINT "GastosApp_tipogasto_pkey" PRIMARY KEY (id);


--
-- TOC entry 3479 (class 2606 OID 35017)
-- Name: GestionDeUsuariosApp_grupos_grupo_permisos GestionDeUsuariosApp_gru_grupos_id_permisosgrupo__7e6d9eb5_uniq; Type: CONSTRAINT; Schema: public; Owner: jairo
--

ALTER TABLE ONLY public."GestionDeUsuariosApp_grupos_grupo_permisos"
    ADD CONSTRAINT "GestionDeUsuariosApp_gru_grupos_id_permisosgrupo__7e6d9eb5_uniq" UNIQUE (grupos_id, permisosgrupo_id);


--
-- TOC entry 3483 (class 2606 OID 35015)
-- Name: GestionDeUsuariosApp_grupos_grupo_permisos GestionDeUsuariosApp_grupos_grupo_permisos_pkey; Type: CONSTRAINT; Schema: public; Owner: jairo
--

ALTER TABLE ONLY public."GestionDeUsuariosApp_grupos_grupo_permisos"
    ADD CONSTRAINT "GestionDeUsuariosApp_grupos_grupo_permisos_pkey" PRIMARY KEY (id);


--
-- TOC entry 3387 (class 2606 OID 34552)
-- Name: GestionDeUsuariosApp_grupos GestionDeUsuariosApp_grupos_pkey; Type: CONSTRAINT; Schema: public; Owner: jairo
--

ALTER TABLE ONLY public."GestionDeUsuariosApp_grupos"
    ADD CONSTRAINT "GestionDeUsuariosApp_grupos_pkey" PRIMARY KEY (group_ptr_id);


--
-- TOC entry 3473 (class 2606 OID 34925)
-- Name: GestionDeUsuariosApp_permisosgrupo_permisos GestionDeUsuariosApp_per_permisosgrupo_id_permiss_11dca437_uniq; Type: CONSTRAINT; Schema: public; Owner: jairo
--

ALTER TABLE ONLY public."GestionDeUsuariosApp_permisosgrupo_permisos"
    ADD CONSTRAINT "GestionDeUsuariosApp_per_permisosgrupo_id_permiss_11dca437_uniq" UNIQUE (permisosgrupo_id, permission_id);


--
-- TOC entry 3469 (class 2606 OID 34910)
-- Name: GestionDeUsuariosApp_permisosgrupo GestionDeUsuariosApp_permisosgrupo_nombre_key; Type: CONSTRAINT; Schema: public; Owner: jairo
--

ALTER TABLE ONLY public."GestionDeUsuariosApp_permisosgrupo"
    ADD CONSTRAINT "GestionDeUsuariosApp_permisosgrupo_nombre_key" UNIQUE (nombre);


--
-- TOC entry 3477 (class 2606 OID 34916)
-- Name: GestionDeUsuariosApp_permisosgrupo_permisos GestionDeUsuariosApp_permisosgrupo_permisos_pkey; Type: CONSTRAINT; Schema: public; Owner: jairo
--

ALTER TABLE ONLY public."GestionDeUsuariosApp_permisosgrupo_permisos"
    ADD CONSTRAINT "GestionDeUsuariosApp_permisosgrupo_permisos_pkey" PRIMARY KEY (id);


--
-- TOC entry 3471 (class 2606 OID 34908)
-- Name: GestionDeUsuariosApp_permisosgrupo GestionDeUsuariosApp_permisosgrupo_pkey; Type: CONSTRAINT; Schema: public; Owner: jairo
--

ALTER TABLE ONLY public."GestionDeUsuariosApp_permisosgrupo"
    ADD CONSTRAINT "GestionDeUsuariosApp_permisosgrupo_pkey" PRIMARY KEY (id);


--
-- TOC entry 3385 (class 2606 OID 34547)
-- Name: GestionDeUsuariosApp_tenant GestionDeUsuariosApp_tenant_pkey; Type: CONSTRAINT; Schema: public; Owner: jairo
--

ALTER TABLE ONLY public."GestionDeUsuariosApp_tenant"
    ADD CONSTRAINT "GestionDeUsuariosApp_tenant_pkey" PRIMARY KEY (id);


--
-- TOC entry 3396 (class 2606 OID 35081)
-- Name: GestionDeUsuariosApp_usuarios_groups GestionDeUsuariosApp_usu_usuarios_id_group_id_f6df7c99_uniq; Type: CONSTRAINT; Schema: public; Owner: jairo
--

ALTER TABLE ONLY public."GestionDeUsuariosApp_usuarios_groups"
    ADD CONSTRAINT "GestionDeUsuariosApp_usu_usuarios_id_group_id_f6df7c99_uniq" UNIQUE (usuarios_id, grupos_id);


--
-- TOC entry 3402 (class 2606 OID 34608)
-- Name: GestionDeUsuariosApp_usuarios_user_permissions GestionDeUsuariosApp_usu_usuarios_id_permission_i_23a0cf2f_uniq; Type: CONSTRAINT; Schema: public; Owner: jairo
--

ALTER TABLE ONLY public."GestionDeUsuariosApp_usuarios_user_permissions"
    ADD CONSTRAINT "GestionDeUsuariosApp_usu_usuarios_id_permission_i_23a0cf2f_uniq" UNIQUE (usuarios_id, permission_id);


--
-- TOC entry 3391 (class 2606 OID 35213)
-- Name: GestionDeUsuariosApp_usuarios GestionDeUsuariosApp_usuarios_email_4a752772_uniq; Type: CONSTRAINT; Schema: public; Owner: jairo
--

ALTER TABLE ONLY public."GestionDeUsuariosApp_usuarios"
    ADD CONSTRAINT "GestionDeUsuariosApp_usuarios_email_4a752772_uniq" UNIQUE (email);


--
-- TOC entry 3399 (class 2606 OID 34568)
-- Name: GestionDeUsuariosApp_usuarios_groups GestionDeUsuariosApp_usuarios_groups_pkey; Type: CONSTRAINT; Schema: public; Owner: jairo
--

ALTER TABLE ONLY public."GestionDeUsuariosApp_usuarios_groups"
    ADD CONSTRAINT "GestionDeUsuariosApp_usuarios_groups_pkey" PRIMARY KEY (id);


--
-- TOC entry 3393 (class 2606 OID 34560)
-- Name: GestionDeUsuariosApp_usuarios GestionDeUsuariosApp_usuarios_pkey; Type: CONSTRAINT; Schema: public; Owner: jairo
--

ALTER TABLE ONLY public."GestionDeUsuariosApp_usuarios"
    ADD CONSTRAINT "GestionDeUsuariosApp_usuarios_pkey" PRIMARY KEY (id);


--
-- TOC entry 3406 (class 2606 OID 34574)
-- Name: GestionDeUsuariosApp_usuarios_user_permissions GestionDeUsuariosApp_usuarios_user_permissions_pkey; Type: CONSTRAINT; Schema: public; Owner: jairo
--

ALTER TABLE ONLY public."GestionDeUsuariosApp_usuarios_user_permissions"
    ADD CONSTRAINT "GestionDeUsuariosApp_usuarios_user_permissions_pkey" PRIMARY KEY (id);


--
-- TOC entry 3408 (class 2606 OID 34626)
-- Name: InventarioApp_producto InventarioApp_producto_pkey; Type: CONSTRAINT; Schema: public; Owner: jairo
--

ALTER TABLE ONLY public."InventarioApp_producto"
    ADD CONSTRAINT "InventarioApp_producto_pkey" PRIMARY KEY (id);


--
-- TOC entry 3485 (class 2606 OID 35102)
-- Name: VentasApp_cliente VentasApp_cliente_pkey; Type: CONSTRAINT; Schema: public; Owner: jairo
--

ALTER TABLE ONLY public."VentasApp_cliente"
    ADD CONSTRAINT "VentasApp_cliente_pkey" PRIMARY KEY (id);


--
-- TOC entry 3499 (class 2606 OID 35120)
-- Name: VentasApp_pagoventa VentasApp_pagoventa_pkey; Type: CONSTRAINT; Schema: public; Owner: jairo
--

ALTER TABLE ONLY public."VentasApp_pagoventa"
    ADD CONSTRAINT "VentasApp_pagoventa_pkey" PRIMARY KEY (id);


--
-- TOC entry 3493 (class 2606 OID 35114)
-- Name: VentasApp_relacionproductoventa VentasApp_relacionproductoventa_pkey; Type: CONSTRAINT; Schema: public; Owner: jairo
--

ALTER TABLE ONLY public."VentasApp_relacionproductoventa"
    ADD CONSTRAINT "VentasApp_relacionproductoventa_pkey" PRIMARY KEY (id);


--
-- TOC entry 3489 (class 2606 OID 35108)
-- Name: VentasApp_venta VentasApp_venta_pkey; Type: CONSTRAINT; Schema: public; Owner: jairo
--

ALTER TABLE ONLY public."VentasApp_venta"
    ADD CONSTRAINT "VentasApp_venta_pkey" PRIMARY KEY (id);


--
-- TOC entry 3375 (class 2606 OID 34538)
-- Name: auth_group auth_group_name_key; Type: CONSTRAINT; Schema: public; Owner: jairo
--

ALTER TABLE ONLY public.auth_group
    ADD CONSTRAINT auth_group_name_key UNIQUE (name);


--
-- TOC entry 3380 (class 2606 OID 34524)
-- Name: auth_group_permissions auth_group_permissions_group_id_permission_id_0cd325b0_uniq; Type: CONSTRAINT; Schema: public; Owner: jairo
--

ALTER TABLE ONLY public.auth_group_permissions
    ADD CONSTRAINT auth_group_permissions_group_id_permission_id_0cd325b0_uniq UNIQUE (group_id, permission_id);


--
-- TOC entry 3383 (class 2606 OID 34513)
-- Name: auth_group_permissions auth_group_permissions_pkey; Type: CONSTRAINT; Schema: public; Owner: jairo
--

ALTER TABLE ONLY public.auth_group_permissions
    ADD CONSTRAINT auth_group_permissions_pkey PRIMARY KEY (id);


--
-- TOC entry 3377 (class 2606 OID 34505)
-- Name: auth_group auth_group_pkey; Type: CONSTRAINT; Schema: public; Owner: jairo
--

ALTER TABLE ONLY public.auth_group
    ADD CONSTRAINT auth_group_pkey PRIMARY KEY (id);


--
-- TOC entry 3370 (class 2606 OID 34515)
-- Name: auth_permission auth_permission_content_type_id_codename_01ab375a_uniq; Type: CONSTRAINT; Schema: public; Owner: jairo
--

ALTER TABLE ONLY public.auth_permission
    ADD CONSTRAINT auth_permission_content_type_id_codename_01ab375a_uniq UNIQUE (content_type_id, codename);


--
-- TOC entry 3372 (class 2606 OID 34499)
-- Name: auth_permission auth_permission_pkey; Type: CONSTRAINT; Schema: public; Owner: jairo
--

ALTER TABLE ONLY public.auth_permission
    ADD CONSTRAINT auth_permission_pkey PRIMARY KEY (id);


--
-- TOC entry 3504 (class 2606 OID 35189)
-- Name: django_admin_log django_admin_log_pkey; Type: CONSTRAINT; Schema: public; Owner: jairo
--

ALTER TABLE ONLY public.django_admin_log
    ADD CONSTRAINT django_admin_log_pkey PRIMARY KEY (id);


--
-- TOC entry 3365 (class 2606 OID 34493)
-- Name: django_content_type django_content_type_app_label_model_76bd3d3b_uniq; Type: CONSTRAINT; Schema: public; Owner: jairo
--

ALTER TABLE ONLY public.django_content_type
    ADD CONSTRAINT django_content_type_app_label_model_76bd3d3b_uniq UNIQUE (app_label, model);


--
-- TOC entry 3367 (class 2606 OID 34491)
-- Name: django_content_type django_content_type_pkey; Type: CONSTRAINT; Schema: public; Owner: jairo
--

ALTER TABLE ONLY public.django_content_type
    ADD CONSTRAINT django_content_type_pkey PRIMARY KEY (id);


--
-- TOC entry 3363 (class 2606 OID 34485)
-- Name: django_migrations django_migrations_pkey; Type: CONSTRAINT; Schema: public; Owner: jairo
--

ALTER TABLE ONLY public.django_migrations
    ADD CONSTRAINT django_migrations_pkey PRIMARY KEY (id);


--
-- TOC entry 3508 (class 2606 OID 35208)
-- Name: django_session django_session_pkey; Type: CONSTRAINT; Schema: public; Owner: jairo
--

ALTER TABLE ONLY public.django_session
    ADD CONSTRAINT django_session_pkey PRIMARY KEY (session_key);


--
-- TOC entry 3412 (class 1259 OID 34688)
-- Name: DevolucionesApp_devolucion_tenant_id_02173e64; Type: INDEX; Schema: public; Owner: jairo
--

CREATE INDEX "DevolucionesApp_devolucion_tenant_id_02173e64" ON public."DevolucionesApp_devolucion" USING btree (tenant_id);


--
-- TOC entry 3413 (class 1259 OID 34689)
-- Name: DevolucionesApp_devolucion_usuario_id_38fb86fb; Type: INDEX; Schema: public; Owner: jairo
--

CREATE INDEX "DevolucionesApp_devolucion_usuario_id_38fb86fb" ON public."DevolucionesApp_devolucion" USING btree (usuario_id);


--
-- TOC entry 3416 (class 1259 OID 34690)
-- Name: DevolucionesApp_motivodevolucion_tenant_id_f1ee85c2; Type: INDEX; Schema: public; Owner: jairo
--

CREATE INDEX "DevolucionesApp_motivodevolucion_tenant_id_f1ee85c2" ON public."DevolucionesApp_motivodevolucion" USING btree (tenant_id);


--
-- TOC entry 3417 (class 1259 OID 34691)
-- Name: DevolucionesApp_relacionpr_devolucion_id_24d5ced4; Type: INDEX; Schema: public; Owner: jairo
--

CREATE INDEX "DevolucionesApp_relacionpr_devolucion_id_24d5ced4" ON public."DevolucionesApp_relacionproductodevolucion" USING btree (devolucion_id);


--
-- TOC entry 3418 (class 1259 OID 34692)
-- Name: DevolucionesApp_relacionproductodevolucion_motivo_id_e09ae74e; Type: INDEX; Schema: public; Owner: jairo
--

CREATE INDEX "DevolucionesApp_relacionproductodevolucion_motivo_id_e09ae74e" ON public."DevolucionesApp_relacionproductodevolucion" USING btree (motivo_id);


--
-- TOC entry 3421 (class 1259 OID 34693)
-- Name: DevolucionesApp_relacionproductodevolucion_producto_id_4d9e54b3; Type: INDEX; Schema: public; Owner: jairo
--

CREATE INDEX "DevolucionesApp_relacionproductodevolucion_producto_id_4d9e54b3" ON public."DevolucionesApp_relacionproductodevolucion" USING btree (producto_id);


--
-- TOC entry 3422 (class 1259 OID 34694)
-- Name: DevolucionesApp_relacionproductodevolucion_tenant_id_40bf7a40; Type: INDEX; Schema: public; Owner: jairo
--

CREATE INDEX "DevolucionesApp_relacionproductodevolucion_tenant_id_40bf7a40" ON public."DevolucionesApp_relacionproductodevolucion" USING btree (tenant_id);


--
-- TOC entry 3442 (class 1259 OID 34855)
-- Name: EntradasApp_entrada_proveedor_id_b67500ff; Type: INDEX; Schema: public; Owner: jairo
--

CREATE INDEX "EntradasApp_entrada_proveedor_id_b67500ff" ON public."EntradasApp_entrada" USING btree (proveedor_id);


--
-- TOC entry 3443 (class 1259 OID 34849)
-- Name: EntradasApp_entrada_tenant_id_48e7e963; Type: INDEX; Schema: public; Owner: jairo
--

CREATE INDEX "EntradasApp_entrada_tenant_id_48e7e963" ON public."EntradasApp_entrada" USING btree (tenant_id);


--
-- TOC entry 3444 (class 1259 OID 34850)
-- Name: EntradasApp_entrada_usuario_id_590dc950; Type: INDEX; Schema: public; Owner: jairo
--

CREATE INDEX "EntradasApp_entrada_usuario_id_590dc950" ON public."EntradasApp_entrada" USING btree (usuario_id);


--
-- TOC entry 3445 (class 1259 OID 34851)
-- Name: EntradasApp_pagoentrada_entrada_id_9edd8668; Type: INDEX; Schema: public; Owner: jairo
--

CREATE INDEX "EntradasApp_pagoentrada_entrada_id_9edd8668" ON public."EntradasApp_pagoentrada" USING btree (entrada_id);


--
-- TOC entry 3446 (class 1259 OID 34852)
-- Name: EntradasApp_pagoentrada_metodo_de_pago_id_0ffca6d0; Type: INDEX; Schema: public; Owner: jairo
--

CREATE INDEX "EntradasApp_pagoentrada_metodo_de_pago_id_0ffca6d0" ON public."EntradasApp_pagoentrada" USING btree (metodo_de_pago_id);


--
-- TOC entry 3449 (class 1259 OID 34853)
-- Name: EntradasApp_pagoentrada_tenant_id_cbd573da; Type: INDEX; Schema: public; Owner: jairo
--

CREATE INDEX "EntradasApp_pagoentrada_tenant_id_cbd573da" ON public."EntradasApp_pagoentrada" USING btree (tenant_id);


--
-- TOC entry 3452 (class 1259 OID 34854)
-- Name: EntradasApp_proveedor_tenant_id_d9917826; Type: INDEX; Schema: public; Owner: jairo
--

CREATE INDEX "EntradasApp_proveedor_tenant_id_d9917826" ON public."EntradasApp_proveedor" USING btree (tenant_id);


--
-- TOC entry 3453 (class 1259 OID 34856)
-- Name: EntradasApp_relacionproductoentrada_entrada_id_2aec6094; Type: INDEX; Schema: public; Owner: jairo
--

CREATE INDEX "EntradasApp_relacionproductoentrada_entrada_id_2aec6094" ON public."EntradasApp_relacionproductoentrada" USING btree (entrada_id);


--
-- TOC entry 3456 (class 1259 OID 34857)
-- Name: EntradasApp_relacionproductoentrada_producto_id_32a4c5dc; Type: INDEX; Schema: public; Owner: jairo
--

CREATE INDEX "EntradasApp_relacionproductoentrada_producto_id_32a4c5dc" ON public."EntradasApp_relacionproductoentrada" USING btree (producto_id);


--
-- TOC entry 3457 (class 1259 OID 34858)
-- Name: EntradasApp_relacionproductoentrada_tenant_id_a539d5f3; Type: INDEX; Schema: public; Owner: jairo
--

CREATE INDEX "EntradasApp_relacionproductoentrada_tenant_id_a539d5f3" ON public."EntradasApp_relacionproductoentrada" USING btree (tenant_id);


--
-- TOC entry 3425 (class 1259 OID 34766)
-- Name: FinanzasApp_cierre_tenant_id_534557c7; Type: INDEX; Schema: public; Owner: jairo
--

CREATE INDEX "FinanzasApp_cierre_tenant_id_534557c7" ON public."FinanzasApp_cierre" USING btree (tenant_id);


--
-- TOC entry 3428 (class 1259 OID 34767)
-- Name: FinanzasApp_metododepago_tenant_id_6666bec4; Type: INDEX; Schema: public; Owner: jairo
--

CREATE INDEX "FinanzasApp_metododepago_tenant_id_6666bec4" ON public."FinanzasApp_metododepago" USING btree (tenant_id);


--
-- TOC entry 3429 (class 1259 OID 34768)
-- Name: FinanzasApp_movimientos_metodo_de_pago_id_9dcce7c2; Type: INDEX; Schema: public; Owner: jairo
--

CREATE INDEX "FinanzasApp_movimientos_metodo_de_pago_id_9dcce7c2" ON public."FinanzasApp_movimientos" USING btree (metodo_de_pago_id);


--
-- TOC entry 3432 (class 1259 OID 34769)
-- Name: FinanzasApp_movimientos_tenant_id_48310fa1; Type: INDEX; Schema: public; Owner: jairo
--

CREATE INDEX "FinanzasApp_movimientos_tenant_id_48310fa1" ON public."FinanzasApp_movimientos" USING btree (tenant_id);


--
-- TOC entry 3433 (class 1259 OID 34770)
-- Name: FinanzasApp_movimientos_usuario_id_cb0f0a69; Type: INDEX; Schema: public; Owner: jairo
--

CREATE INDEX "FinanzasApp_movimientos_usuario_id_cb0f0a69" ON public."FinanzasApp_movimientos" USING btree (usuario_id);


--
-- TOC entry 3434 (class 1259 OID 34771)
-- Name: FinanzasApp_transferencia_cuenta_destino_id_982d4540; Type: INDEX; Schema: public; Owner: jairo
--

CREATE INDEX "FinanzasApp_transferencia_cuenta_destino_id_982d4540" ON public."FinanzasApp_transferencia" USING btree (cuenta_destino_id);


--
-- TOC entry 3435 (class 1259 OID 34772)
-- Name: FinanzasApp_transferencia_cuenta_origen_id_d3c9ce6e; Type: INDEX; Schema: public; Owner: jairo
--

CREATE INDEX "FinanzasApp_transferencia_cuenta_origen_id_d3c9ce6e" ON public."FinanzasApp_transferencia" USING btree (cuenta_origen_id);


--
-- TOC entry 3438 (class 1259 OID 34773)
-- Name: FinanzasApp_transferencia_tenant_id_9b13e4f9; Type: INDEX; Schema: public; Owner: jairo
--

CREATE INDEX "FinanzasApp_transferencia_tenant_id_9b13e4f9" ON public."FinanzasApp_transferencia" USING btree (tenant_id);


--
-- TOC entry 3439 (class 1259 OID 34774)
-- Name: FinanzasApp_transferencia_usuario_id_3218502d; Type: INDEX; Schema: public; Owner: jairo
--

CREATE INDEX "FinanzasApp_transferencia_usuario_id_3218502d" ON public."FinanzasApp_transferencia" USING btree (usuario_id);


--
-- TOC entry 3461 (class 1259 OID 34878)
-- Name: GastosApp_gasto_metodo_de_pago_id_a8d1bfb7; Type: INDEX; Schema: public; Owner: jairo
--

CREATE INDEX "GastosApp_gasto_metodo_de_pago_id_a8d1bfb7" ON public."GastosApp_gasto" USING btree (metodo_de_pago_id);


--
-- TOC entry 3464 (class 1259 OID 34899)
-- Name: GastosApp_gasto_tenant_id_3bff0658; Type: INDEX; Schema: public; Owner: jairo
--

CREATE INDEX "GastosApp_gasto_tenant_id_3bff0658" ON public."GastosApp_gasto" USING btree (tenant_id);


--
-- TOC entry 3465 (class 1259 OID 34902)
-- Name: GastosApp_gasto_tipo_gasto_id_58e65bfd; Type: INDEX; Schema: public; Owner: jairo
--

CREATE INDEX "GastosApp_gasto_tipo_gasto_id_58e65bfd" ON public."GastosApp_gasto" USING btree (tipo_gasto_id);


--
-- TOC entry 3466 (class 1259 OID 34900)
-- Name: GastosApp_gasto_usuario_id_9dc676a3; Type: INDEX; Schema: public; Owner: jairo
--

CREATE INDEX "GastosApp_gasto_usuario_id_9dc676a3" ON public."GastosApp_gasto" USING btree (usuario_id);


--
-- TOC entry 3460 (class 1259 OID 34901)
-- Name: GastosApp_tipogasto_tenant_id_92a4fcd8; Type: INDEX; Schema: public; Owner: jairo
--

CREATE INDEX "GastosApp_tipogasto_tenant_id_92a4fcd8" ON public."GastosApp_tipogasto" USING btree (tenant_id);


--
-- TOC entry 3480 (class 1259 OID 35029)
-- Name: GestionDeUsuariosApp_grupo_permisosgrupo_id_d1524ef0; Type: INDEX; Schema: public; Owner: jairo
--

CREATE INDEX "GestionDeUsuariosApp_grupo_permisosgrupo_id_d1524ef0" ON public."GestionDeUsuariosApp_grupos_grupo_permisos" USING btree (permisosgrupo_id);


--
-- TOC entry 3481 (class 1259 OID 35028)
-- Name: GestionDeUsuariosApp_grupos_grupo_permisos_grupos_id_cdf885f6; Type: INDEX; Schema: public; Owner: jairo
--

CREATE INDEX "GestionDeUsuariosApp_grupos_grupo_permisos_grupos_id_cdf885f6" ON public."GestionDeUsuariosApp_grupos_grupo_permisos" USING btree (grupos_id);


--
-- TOC entry 3388 (class 1259 OID 34585)
-- Name: GestionDeUsuariosApp_grupos_tenant_id_2668b6ef; Type: INDEX; Schema: public; Owner: jairo
--

CREATE INDEX "GestionDeUsuariosApp_grupos_tenant_id_2668b6ef" ON public."GestionDeUsuariosApp_grupos" USING btree (tenant_id);


--
-- TOC entry 3474 (class 1259 OID 34936)
-- Name: GestionDeUsuariosApp_permi_permisosgrupo_id_71f8b937; Type: INDEX; Schema: public; Owner: jairo
--

CREATE INDEX "GestionDeUsuariosApp_permi_permisosgrupo_id_71f8b937" ON public."GestionDeUsuariosApp_permisosgrupo_permisos" USING btree (permisosgrupo_id);


--
-- TOC entry 3475 (class 1259 OID 34937)
-- Name: GestionDeUsuariosApp_permi_permission_id_50d0792d; Type: INDEX; Schema: public; Owner: jairo
--

CREATE INDEX "GestionDeUsuariosApp_permi_permission_id_50d0792d" ON public."GestionDeUsuariosApp_permisosgrupo_permisos" USING btree (permission_id);


--
-- TOC entry 3467 (class 1259 OID 34923)
-- Name: GestionDeUsuariosApp_permisosgrupo_nombre_f0740ad0_like; Type: INDEX; Schema: public; Owner: jairo
--

CREATE INDEX "GestionDeUsuariosApp_permisosgrupo_nombre_f0740ad0_like" ON public."GestionDeUsuariosApp_permisosgrupo" USING btree (nombre varchar_pattern_ops);


--
-- TOC entry 3403 (class 1259 OID 34620)
-- Name: GestionDeUsuariosApp_usuar_permission_id_acf30293; Type: INDEX; Schema: public; Owner: jairo
--

CREATE INDEX "GestionDeUsuariosApp_usuar_permission_id_acf30293" ON public."GestionDeUsuariosApp_usuarios_user_permissions" USING btree (permission_id);


--
-- TOC entry 3404 (class 1259 OID 34619)
-- Name: GestionDeUsuariosApp_usuar_usuarios_id_8615a5b0; Type: INDEX; Schema: public; Owner: jairo
--

CREATE INDEX "GestionDeUsuariosApp_usuar_usuarios_id_8615a5b0" ON public."GestionDeUsuariosApp_usuarios_user_permissions" USING btree (usuarios_id);


--
-- TOC entry 3389 (class 1259 OID 35214)
-- Name: GestionDeUsuariosApp_usuarios_email_4a752772_like; Type: INDEX; Schema: public; Owner: jairo
--

CREATE INDEX "GestionDeUsuariosApp_usuarios_email_4a752772_like" ON public."GestionDeUsuariosApp_usuarios" USING btree (email varchar_pattern_ops);


--
-- TOC entry 3397 (class 1259 OID 35082)
-- Name: GestionDeUsuariosApp_usuarios_groups_group_id_1ea74345; Type: INDEX; Schema: public; Owner: jairo
--

CREATE INDEX "GestionDeUsuariosApp_usuarios_groups_group_id_1ea74345" ON public."GestionDeUsuariosApp_usuarios_groups" USING btree (grupos_id);


--
-- TOC entry 3400 (class 1259 OID 34605)
-- Name: GestionDeUsuariosApp_usuarios_groups_usuarios_id_80fd00e9; Type: INDEX; Schema: public; Owner: jairo
--

CREATE INDEX "GestionDeUsuariosApp_usuarios_groups_usuarios_id_80fd00e9" ON public."GestionDeUsuariosApp_usuarios_groups" USING btree (usuarios_id);


--
-- TOC entry 3394 (class 1259 OID 34592)
-- Name: GestionDeUsuariosApp_usuarios_tenant_id_c0225b79; Type: INDEX; Schema: public; Owner: jairo
--

CREATE INDEX "GestionDeUsuariosApp_usuarios_tenant_id_c0225b79" ON public."GestionDeUsuariosApp_usuarios" USING btree (tenant_id);


--
-- TOC entry 3409 (class 1259 OID 34632)
-- Name: InventarioApp_producto_tenant_id_03022a8f; Type: INDEX; Schema: public; Owner: jairo
--

CREATE INDEX "InventarioApp_producto_tenant_id_03022a8f" ON public."InventarioApp_producto" USING btree (tenant_id);


--
-- TOC entry 3486 (class 1259 OID 35126)
-- Name: VentasApp_cliente_tenant_id_3d7359ab; Type: INDEX; Schema: public; Owner: jairo
--

CREATE INDEX "VentasApp_cliente_tenant_id_3d7359ab" ON public."VentasApp_cliente" USING btree (tenant_id);


--
-- TOC entry 3497 (class 1259 OID 35178)
-- Name: VentasApp_pagoventa_metodo_de_pago_id_11a30f67; Type: INDEX; Schema: public; Owner: jairo
--

CREATE INDEX "VentasApp_pagoventa_metodo_de_pago_id_11a30f67" ON public."VentasApp_pagoventa" USING btree (metodo_de_pago_id);


--
-- TOC entry 3500 (class 1259 OID 35179)
-- Name: VentasApp_pagoventa_tenant_id_f575a9c1; Type: INDEX; Schema: public; Owner: jairo
--

CREATE INDEX "VentasApp_pagoventa_tenant_id_f575a9c1" ON public."VentasApp_pagoventa" USING btree (tenant_id);


--
-- TOC entry 3501 (class 1259 OID 35180)
-- Name: VentasApp_pagoventa_venta_id_0d792ce5; Type: INDEX; Schema: public; Owner: jairo
--

CREATE INDEX "VentasApp_pagoventa_venta_id_0d792ce5" ON public."VentasApp_pagoventa" USING btree (venta_id);


--
-- TOC entry 3494 (class 1259 OID 35160)
-- Name: VentasApp_relacionproductoventa_producto_id_b413709a; Type: INDEX; Schema: public; Owner: jairo
--

CREATE INDEX "VentasApp_relacionproductoventa_producto_id_b413709a" ON public."VentasApp_relacionproductoventa" USING btree (producto_id);


--
-- TOC entry 3495 (class 1259 OID 35161)
-- Name: VentasApp_relacionproductoventa_tenant_id_ccb9c543; Type: INDEX; Schema: public; Owner: jairo
--

CREATE INDEX "VentasApp_relacionproductoventa_tenant_id_ccb9c543" ON public."VentasApp_relacionproductoventa" USING btree (tenant_id);


--
-- TOC entry 3496 (class 1259 OID 35162)
-- Name: VentasApp_relacionproductoventa_venta_id_fe8dd216; Type: INDEX; Schema: public; Owner: jairo
--

CREATE INDEX "VentasApp_relacionproductoventa_venta_id_fe8dd216" ON public."VentasApp_relacionproductoventa" USING btree (venta_id);


--
-- TOC entry 3487 (class 1259 OID 35142)
-- Name: VentasApp_venta_cliente_id_e02943e3; Type: INDEX; Schema: public; Owner: jairo
--

CREATE INDEX "VentasApp_venta_cliente_id_e02943e3" ON public."VentasApp_venta" USING btree (cliente_id);


--
-- TOC entry 3490 (class 1259 OID 35143)
-- Name: VentasApp_venta_tenant_id_c6ead557; Type: INDEX; Schema: public; Owner: jairo
--

CREATE INDEX "VentasApp_venta_tenant_id_c6ead557" ON public."VentasApp_venta" USING btree (tenant_id);


--
-- TOC entry 3491 (class 1259 OID 35144)
-- Name: VentasApp_venta_usuario_id_ae6a2ffd; Type: INDEX; Schema: public; Owner: jairo
--

CREATE INDEX "VentasApp_venta_usuario_id_ae6a2ffd" ON public."VentasApp_venta" USING btree (usuario_id);


--
-- TOC entry 3373 (class 1259 OID 34539)
-- Name: auth_group_name_a6ea08ec_like; Type: INDEX; Schema: public; Owner: jairo
--

CREATE INDEX auth_group_name_a6ea08ec_like ON public.auth_group USING btree (name varchar_pattern_ops);


--
-- TOC entry 3378 (class 1259 OID 34535)
-- Name: auth_group_permissions_group_id_b120cbf9; Type: INDEX; Schema: public; Owner: jairo
--

CREATE INDEX auth_group_permissions_group_id_b120cbf9 ON public.auth_group_permissions USING btree (group_id);


--
-- TOC entry 3381 (class 1259 OID 34536)
-- Name: auth_group_permissions_permission_id_84c5c92e; Type: INDEX; Schema: public; Owner: jairo
--

CREATE INDEX auth_group_permissions_permission_id_84c5c92e ON public.auth_group_permissions USING btree (permission_id);


--
-- TOC entry 3368 (class 1259 OID 34521)
-- Name: auth_permission_content_type_id_2f476e4b; Type: INDEX; Schema: public; Owner: jairo
--

CREATE INDEX auth_permission_content_type_id_2f476e4b ON public.auth_permission USING btree (content_type_id);


--
-- TOC entry 3502 (class 1259 OID 35200)
-- Name: django_admin_log_content_type_id_c4bce8eb; Type: INDEX; Schema: public; Owner: jairo
--

CREATE INDEX django_admin_log_content_type_id_c4bce8eb ON public.django_admin_log USING btree (content_type_id);


--
-- TOC entry 3505 (class 1259 OID 35201)
-- Name: django_admin_log_user_id_c564eba6; Type: INDEX; Schema: public; Owner: jairo
--

CREATE INDEX django_admin_log_user_id_c564eba6 ON public.django_admin_log USING btree (user_id);


--
-- TOC entry 3506 (class 1259 OID 35210)
-- Name: django_session_expire_date_a5c62663; Type: INDEX; Schema: public; Owner: jairo
--

CREATE INDEX django_session_expire_date_a5c62663 ON public.django_session USING btree (expire_date);


--
-- TOC entry 3509 (class 1259 OID 35209)
-- Name: django_session_session_key_c0390e0f_like; Type: INDEX; Schema: public; Owner: jairo
--

CREATE INDEX django_session_session_key_c0390e0f_like ON public.django_session USING btree (session_key varchar_pattern_ops);


--
-- TOC entry 3521 (class 2606 OID 34653)
-- Name: DevolucionesApp_devolucion DevolucionesApp_devo_tenant_id_02173e64_fk_GestionDe; Type: FK CONSTRAINT; Schema: public; Owner: jairo
--

ALTER TABLE ONLY public."DevolucionesApp_devolucion"
    ADD CONSTRAINT "DevolucionesApp_devo_tenant_id_02173e64_fk_GestionDe" FOREIGN KEY (tenant_id) REFERENCES public."GestionDeUsuariosApp_tenant"(id) DEFERRABLE INITIALLY DEFERRED;


--
-- TOC entry 3522 (class 2606 OID 34658)
-- Name: DevolucionesApp_devolucion DevolucionesApp_devo_usuario_id_38fb86fb_fk_GestionDe; Type: FK CONSTRAINT; Schema: public; Owner: jairo
--

ALTER TABLE ONLY public."DevolucionesApp_devolucion"
    ADD CONSTRAINT "DevolucionesApp_devo_usuario_id_38fb86fb_fk_GestionDe" FOREIGN KEY (usuario_id) REFERENCES public."GestionDeUsuariosApp_usuarios"(id) DEFERRABLE INITIALLY DEFERRED;


--
-- TOC entry 3523 (class 2606 OID 34663)
-- Name: DevolucionesApp_motivodevolucion DevolucionesApp_moti_tenant_id_f1ee85c2_fk_GestionDe; Type: FK CONSTRAINT; Schema: public; Owner: jairo
--

ALTER TABLE ONLY public."DevolucionesApp_motivodevolucion"
    ADD CONSTRAINT "DevolucionesApp_moti_tenant_id_f1ee85c2_fk_GestionDe" FOREIGN KEY (tenant_id) REFERENCES public."GestionDeUsuariosApp_tenant"(id) DEFERRABLE INITIALLY DEFERRED;


--
-- TOC entry 3524 (class 2606 OID 34668)
-- Name: DevolucionesApp_relacionproductodevolucion DevolucionesApp_rela_devolucion_id_24d5ced4_fk_Devolucio; Type: FK CONSTRAINT; Schema: public; Owner: jairo
--

ALTER TABLE ONLY public."DevolucionesApp_relacionproductodevolucion"
    ADD CONSTRAINT "DevolucionesApp_rela_devolucion_id_24d5ced4_fk_Devolucio" FOREIGN KEY (devolucion_id) REFERENCES public."DevolucionesApp_devolucion"(id) DEFERRABLE INITIALLY DEFERRED;


--
-- TOC entry 3525 (class 2606 OID 34673)
-- Name: DevolucionesApp_relacionproductodevolucion DevolucionesApp_rela_motivo_id_e09ae74e_fk_Devolucio; Type: FK CONSTRAINT; Schema: public; Owner: jairo
--

ALTER TABLE ONLY public."DevolucionesApp_relacionproductodevolucion"
    ADD CONSTRAINT "DevolucionesApp_rela_motivo_id_e09ae74e_fk_Devolucio" FOREIGN KEY (motivo_id) REFERENCES public."DevolucionesApp_motivodevolucion"(id) DEFERRABLE INITIALLY DEFERRED;


--
-- TOC entry 3526 (class 2606 OID 34678)
-- Name: DevolucionesApp_relacionproductodevolucion DevolucionesApp_rela_producto_id_4d9e54b3_fk_Inventari; Type: FK CONSTRAINT; Schema: public; Owner: jairo
--

ALTER TABLE ONLY public."DevolucionesApp_relacionproductodevolucion"
    ADD CONSTRAINT "DevolucionesApp_rela_producto_id_4d9e54b3_fk_Inventari" FOREIGN KEY (producto_id) REFERENCES public."InventarioApp_producto"(id) DEFERRABLE INITIALLY DEFERRED;


--
-- TOC entry 3527 (class 2606 OID 34683)
-- Name: DevolucionesApp_relacionproductodevolucion DevolucionesApp_rela_tenant_id_40bf7a40_fk_GestionDe; Type: FK CONSTRAINT; Schema: public; Owner: jairo
--

ALTER TABLE ONLY public."DevolucionesApp_relacionproductodevolucion"
    ADD CONSTRAINT "DevolucionesApp_rela_tenant_id_40bf7a40_fk_GestionDe" FOREIGN KEY (tenant_id) REFERENCES public."GestionDeUsuariosApp_tenant"(id) DEFERRABLE INITIALLY DEFERRED;


--
-- TOC entry 3537 (class 2606 OID 34829)
-- Name: EntradasApp_entrada EntradasApp_entrada_proveedor_id_b67500ff_fk_EntradasA; Type: FK CONSTRAINT; Schema: public; Owner: jairo
--

ALTER TABLE ONLY public."EntradasApp_entrada"
    ADD CONSTRAINT "EntradasApp_entrada_proveedor_id_b67500ff_fk_EntradasA" FOREIGN KEY (proveedor_id) REFERENCES public."EntradasApp_proveedor"(id) DEFERRABLE INITIALLY DEFERRED;


--
-- TOC entry 3538 (class 2606 OID 34799)
-- Name: EntradasApp_entrada EntradasApp_entrada_tenant_id_48e7e963_fk_GestionDe; Type: FK CONSTRAINT; Schema: public; Owner: jairo
--

ALTER TABLE ONLY public."EntradasApp_entrada"
    ADD CONSTRAINT "EntradasApp_entrada_tenant_id_48e7e963_fk_GestionDe" FOREIGN KEY (tenant_id) REFERENCES public."GestionDeUsuariosApp_tenant"(id) DEFERRABLE INITIALLY DEFERRED;


--
-- TOC entry 3539 (class 2606 OID 34804)
-- Name: EntradasApp_entrada EntradasApp_entrada_usuario_id_590dc950_fk_GestionDe; Type: FK CONSTRAINT; Schema: public; Owner: jairo
--

ALTER TABLE ONLY public."EntradasApp_entrada"
    ADD CONSTRAINT "EntradasApp_entrada_usuario_id_590dc950_fk_GestionDe" FOREIGN KEY (usuario_id) REFERENCES public."GestionDeUsuariosApp_usuarios"(id) DEFERRABLE INITIALLY DEFERRED;


--
-- TOC entry 3540 (class 2606 OID 34809)
-- Name: EntradasApp_pagoentrada EntradasApp_pagoentr_entrada_id_9edd8668_fk_EntradasA; Type: FK CONSTRAINT; Schema: public; Owner: jairo
--

ALTER TABLE ONLY public."EntradasApp_pagoentrada"
    ADD CONSTRAINT "EntradasApp_pagoentr_entrada_id_9edd8668_fk_EntradasA" FOREIGN KEY (entrada_id) REFERENCES public."EntradasApp_entrada"(id) DEFERRABLE INITIALLY DEFERRED;


--
-- TOC entry 3541 (class 2606 OID 34814)
-- Name: EntradasApp_pagoentrada EntradasApp_pagoentr_metodo_de_pago_id_0ffca6d0_fk_FinanzasA; Type: FK CONSTRAINT; Schema: public; Owner: jairo
--

ALTER TABLE ONLY public."EntradasApp_pagoentrada"
    ADD CONSTRAINT "EntradasApp_pagoentr_metodo_de_pago_id_0ffca6d0_fk_FinanzasA" FOREIGN KEY (metodo_de_pago_id) REFERENCES public."FinanzasApp_metododepago"(id) DEFERRABLE INITIALLY DEFERRED;


--
-- TOC entry 3542 (class 2606 OID 34819)
-- Name: EntradasApp_pagoentrada EntradasApp_pagoentr_tenant_id_cbd573da_fk_GestionDe; Type: FK CONSTRAINT; Schema: public; Owner: jairo
--

ALTER TABLE ONLY public."EntradasApp_pagoentrada"
    ADD CONSTRAINT "EntradasApp_pagoentr_tenant_id_cbd573da_fk_GestionDe" FOREIGN KEY (tenant_id) REFERENCES public."GestionDeUsuariosApp_tenant"(id) DEFERRABLE INITIALLY DEFERRED;


--
-- TOC entry 3543 (class 2606 OID 34824)
-- Name: EntradasApp_proveedor EntradasApp_proveedo_tenant_id_d9917826_fk_GestionDe; Type: FK CONSTRAINT; Schema: public; Owner: jairo
--

ALTER TABLE ONLY public."EntradasApp_proveedor"
    ADD CONSTRAINT "EntradasApp_proveedo_tenant_id_d9917826_fk_GestionDe" FOREIGN KEY (tenant_id) REFERENCES public."GestionDeUsuariosApp_tenant"(id) DEFERRABLE INITIALLY DEFERRED;


--
-- TOC entry 3544 (class 2606 OID 34834)
-- Name: EntradasApp_relacionproductoentrada EntradasApp_relacion_entrada_id_2aec6094_fk_EntradasA; Type: FK CONSTRAINT; Schema: public; Owner: jairo
--

ALTER TABLE ONLY public."EntradasApp_relacionproductoentrada"
    ADD CONSTRAINT "EntradasApp_relacion_entrada_id_2aec6094_fk_EntradasA" FOREIGN KEY (entrada_id) REFERENCES public."EntradasApp_entrada"(id) DEFERRABLE INITIALLY DEFERRED;


--
-- TOC entry 3545 (class 2606 OID 34839)
-- Name: EntradasApp_relacionproductoentrada EntradasApp_relacion_producto_id_32a4c5dc_fk_Inventari; Type: FK CONSTRAINT; Schema: public; Owner: jairo
--

ALTER TABLE ONLY public."EntradasApp_relacionproductoentrada"
    ADD CONSTRAINT "EntradasApp_relacion_producto_id_32a4c5dc_fk_Inventari" FOREIGN KEY (producto_id) REFERENCES public."InventarioApp_producto"(id) DEFERRABLE INITIALLY DEFERRED;


--
-- TOC entry 3546 (class 2606 OID 34844)
-- Name: EntradasApp_relacionproductoentrada EntradasApp_relacion_tenant_id_a539d5f3_fk_GestionDe; Type: FK CONSTRAINT; Schema: public; Owner: jairo
--

ALTER TABLE ONLY public."EntradasApp_relacionproductoentrada"
    ADD CONSTRAINT "EntradasApp_relacion_tenant_id_a539d5f3_fk_GestionDe" FOREIGN KEY (tenant_id) REFERENCES public."GestionDeUsuariosApp_tenant"(id) DEFERRABLE INITIALLY DEFERRED;


--
-- TOC entry 3528 (class 2606 OID 34721)
-- Name: FinanzasApp_cierre FinanzasApp_cierre_tenant_id_534557c7_fk_GestionDe; Type: FK CONSTRAINT; Schema: public; Owner: jairo
--

ALTER TABLE ONLY public."FinanzasApp_cierre"
    ADD CONSTRAINT "FinanzasApp_cierre_tenant_id_534557c7_fk_GestionDe" FOREIGN KEY (tenant_id) REFERENCES public."GestionDeUsuariosApp_tenant"(id) DEFERRABLE INITIALLY DEFERRED;


--
-- TOC entry 3529 (class 2606 OID 34726)
-- Name: FinanzasApp_metododepago FinanzasApp_metodode_tenant_id_6666bec4_fk_GestionDe; Type: FK CONSTRAINT; Schema: public; Owner: jairo
--

ALTER TABLE ONLY public."FinanzasApp_metododepago"
    ADD CONSTRAINT "FinanzasApp_metodode_tenant_id_6666bec4_fk_GestionDe" FOREIGN KEY (tenant_id) REFERENCES public."GestionDeUsuariosApp_tenant"(id) DEFERRABLE INITIALLY DEFERRED;


--
-- TOC entry 3530 (class 2606 OID 34731)
-- Name: FinanzasApp_movimientos FinanzasApp_movimien_metodo_de_pago_id_9dcce7c2_fk_FinanzasA; Type: FK CONSTRAINT; Schema: public; Owner: jairo
--

ALTER TABLE ONLY public."FinanzasApp_movimientos"
    ADD CONSTRAINT "FinanzasApp_movimien_metodo_de_pago_id_9dcce7c2_fk_FinanzasA" FOREIGN KEY (metodo_de_pago_id) REFERENCES public."FinanzasApp_metododepago"(id) DEFERRABLE INITIALLY DEFERRED;


--
-- TOC entry 3531 (class 2606 OID 34736)
-- Name: FinanzasApp_movimientos FinanzasApp_movimien_tenant_id_48310fa1_fk_GestionDe; Type: FK CONSTRAINT; Schema: public; Owner: jairo
--

ALTER TABLE ONLY public."FinanzasApp_movimientos"
    ADD CONSTRAINT "FinanzasApp_movimien_tenant_id_48310fa1_fk_GestionDe" FOREIGN KEY (tenant_id) REFERENCES public."GestionDeUsuariosApp_tenant"(id) DEFERRABLE INITIALLY DEFERRED;


--
-- TOC entry 3532 (class 2606 OID 34741)
-- Name: FinanzasApp_movimientos FinanzasApp_movimien_usuario_id_cb0f0a69_fk_GestionDe; Type: FK CONSTRAINT; Schema: public; Owner: jairo
--

ALTER TABLE ONLY public."FinanzasApp_movimientos"
    ADD CONSTRAINT "FinanzasApp_movimien_usuario_id_cb0f0a69_fk_GestionDe" FOREIGN KEY (usuario_id) REFERENCES public."GestionDeUsuariosApp_usuarios"(id) DEFERRABLE INITIALLY DEFERRED;


--
-- TOC entry 3533 (class 2606 OID 34746)
-- Name: FinanzasApp_transferencia FinanzasApp_transfer_cuenta_destino_id_982d4540_fk_FinanzasA; Type: FK CONSTRAINT; Schema: public; Owner: jairo
--

ALTER TABLE ONLY public."FinanzasApp_transferencia"
    ADD CONSTRAINT "FinanzasApp_transfer_cuenta_destino_id_982d4540_fk_FinanzasA" FOREIGN KEY (cuenta_destino_id) REFERENCES public."FinanzasApp_metododepago"(id) DEFERRABLE INITIALLY DEFERRED;


--
-- TOC entry 3534 (class 2606 OID 34751)
-- Name: FinanzasApp_transferencia FinanzasApp_transfer_cuenta_origen_id_d3c9ce6e_fk_FinanzasA; Type: FK CONSTRAINT; Schema: public; Owner: jairo
--

ALTER TABLE ONLY public."FinanzasApp_transferencia"
    ADD CONSTRAINT "FinanzasApp_transfer_cuenta_origen_id_d3c9ce6e_fk_FinanzasA" FOREIGN KEY (cuenta_origen_id) REFERENCES public."FinanzasApp_metododepago"(id) DEFERRABLE INITIALLY DEFERRED;


--
-- TOC entry 3535 (class 2606 OID 34756)
-- Name: FinanzasApp_transferencia FinanzasApp_transfer_tenant_id_9b13e4f9_fk_GestionDe; Type: FK CONSTRAINT; Schema: public; Owner: jairo
--

ALTER TABLE ONLY public."FinanzasApp_transferencia"
    ADD CONSTRAINT "FinanzasApp_transfer_tenant_id_9b13e4f9_fk_GestionDe" FOREIGN KEY (tenant_id) REFERENCES public."GestionDeUsuariosApp_tenant"(id) DEFERRABLE INITIALLY DEFERRED;


--
-- TOC entry 3536 (class 2606 OID 34761)
-- Name: FinanzasApp_transferencia FinanzasApp_transfer_usuario_id_3218502d_fk_GestionDe; Type: FK CONSTRAINT; Schema: public; Owner: jairo
--

ALTER TABLE ONLY public."FinanzasApp_transferencia"
    ADD CONSTRAINT "FinanzasApp_transfer_usuario_id_3218502d_fk_GestionDe" FOREIGN KEY (usuario_id) REFERENCES public."GestionDeUsuariosApp_usuarios"(id) DEFERRABLE INITIALLY DEFERRED;


--
-- TOC entry 3548 (class 2606 OID 34873)
-- Name: GastosApp_gasto GastosApp_gasto_metodo_de_pago_id_a8d1bfb7_fk_FinanzasA; Type: FK CONSTRAINT; Schema: public; Owner: jairo
--

ALTER TABLE ONLY public."GastosApp_gasto"
    ADD CONSTRAINT "GastosApp_gasto_metodo_de_pago_id_a8d1bfb7_fk_FinanzasA" FOREIGN KEY (metodo_de_pago_id) REFERENCES public."FinanzasApp_metododepago"(id) DEFERRABLE INITIALLY DEFERRED;


--
-- TOC entry 3549 (class 2606 OID 34879)
-- Name: GastosApp_gasto GastosApp_gasto_tenant_id_3bff0658_fk_GestionDe; Type: FK CONSTRAINT; Schema: public; Owner: jairo
--

ALTER TABLE ONLY public."GastosApp_gasto"
    ADD CONSTRAINT "GastosApp_gasto_tenant_id_3bff0658_fk_GestionDe" FOREIGN KEY (tenant_id) REFERENCES public."GestionDeUsuariosApp_tenant"(id) DEFERRABLE INITIALLY DEFERRED;


--
-- TOC entry 3550 (class 2606 OID 34894)
-- Name: GastosApp_gasto GastosApp_gasto_tipo_gasto_id_58e65bfd_fk_GastosApp; Type: FK CONSTRAINT; Schema: public; Owner: jairo
--

ALTER TABLE ONLY public."GastosApp_gasto"
    ADD CONSTRAINT "GastosApp_gasto_tipo_gasto_id_58e65bfd_fk_GastosApp" FOREIGN KEY (tipo_gasto_id) REFERENCES public."GastosApp_tipogasto"(id) DEFERRABLE INITIALLY DEFERRED;


--
-- TOC entry 3551 (class 2606 OID 34884)
-- Name: GastosApp_gasto GastosApp_gasto_usuario_id_9dc676a3_fk_GestionDe; Type: FK CONSTRAINT; Schema: public; Owner: jairo
--

ALTER TABLE ONLY public."GastosApp_gasto"
    ADD CONSTRAINT "GastosApp_gasto_usuario_id_9dc676a3_fk_GestionDe" FOREIGN KEY (usuario_id) REFERENCES public."GestionDeUsuariosApp_usuarios"(id) DEFERRABLE INITIALLY DEFERRED;


--
-- TOC entry 3547 (class 2606 OID 34889)
-- Name: GastosApp_tipogasto GastosApp_tipogasto_tenant_id_92a4fcd8_fk_GestionDe; Type: FK CONSTRAINT; Schema: public; Owner: jairo
--

ALTER TABLE ONLY public."GastosApp_tipogasto"
    ADD CONSTRAINT "GastosApp_tipogasto_tenant_id_92a4fcd8_fk_GestionDe" FOREIGN KEY (tenant_id) REFERENCES public."GestionDeUsuariosApp_tenant"(id) DEFERRABLE INITIALLY DEFERRED;


--
-- TOC entry 3513 (class 2606 OID 34575)
-- Name: GestionDeUsuariosApp_grupos GestionDeUsuariosApp_group_ptr_id_49ff8722_fk_auth_grou; Type: FK CONSTRAINT; Schema: public; Owner: jairo
--

ALTER TABLE ONLY public."GestionDeUsuariosApp_grupos"
    ADD CONSTRAINT "GestionDeUsuariosApp_group_ptr_id_49ff8722_fk_auth_grou" FOREIGN KEY (group_ptr_id) REFERENCES public.auth_group(id) DEFERRABLE INITIALLY DEFERRED;


--
-- TOC entry 3554 (class 2606 OID 35018)
-- Name: GestionDeUsuariosApp_grupos_grupo_permisos GestionDeUsuariosApp_grupos_id_cdf885f6_fk_GestionDe; Type: FK CONSTRAINT; Schema: public; Owner: jairo
--

ALTER TABLE ONLY public."GestionDeUsuariosApp_grupos_grupo_permisos"
    ADD CONSTRAINT "GestionDeUsuariosApp_grupos_id_cdf885f6_fk_GestionDe" FOREIGN KEY (grupos_id) REFERENCES public."GestionDeUsuariosApp_grupos"(group_ptr_id) DEFERRABLE INITIALLY DEFERRED;


--
-- TOC entry 3516 (class 2606 OID 35090)
-- Name: GestionDeUsuariosApp_usuarios_groups GestionDeUsuariosApp_grupos_id_e6222a40_fk_GestionDe; Type: FK CONSTRAINT; Schema: public; Owner: jairo
--

ALTER TABLE ONLY public."GestionDeUsuariosApp_usuarios_groups"
    ADD CONSTRAINT "GestionDeUsuariosApp_grupos_id_e6222a40_fk_GestionDe" FOREIGN KEY (grupos_id) REFERENCES public."GestionDeUsuariosApp_grupos"(group_ptr_id) DEFERRABLE INITIALLY DEFERRED;


--
-- TOC entry 3552 (class 2606 OID 34926)
-- Name: GestionDeUsuariosApp_permisosgrupo_permisos GestionDeUsuariosApp_permisosgrupo_id_71f8b937_fk_GestionDe; Type: FK CONSTRAINT; Schema: public; Owner: jairo
--

ALTER TABLE ONLY public."GestionDeUsuariosApp_permisosgrupo_permisos"
    ADD CONSTRAINT "GestionDeUsuariosApp_permisosgrupo_id_71f8b937_fk_GestionDe" FOREIGN KEY (permisosgrupo_id) REFERENCES public."GestionDeUsuariosApp_permisosgrupo"(id) DEFERRABLE INITIALLY DEFERRED;


--
-- TOC entry 3555 (class 2606 OID 35023)
-- Name: GestionDeUsuariosApp_grupos_grupo_permisos GestionDeUsuariosApp_permisosgrupo_id_d1524ef0_fk_GestionDe; Type: FK CONSTRAINT; Schema: public; Owner: jairo
--

ALTER TABLE ONLY public."GestionDeUsuariosApp_grupos_grupo_permisos"
    ADD CONSTRAINT "GestionDeUsuariosApp_permisosgrupo_id_d1524ef0_fk_GestionDe" FOREIGN KEY (permisosgrupo_id) REFERENCES public."GestionDeUsuariosApp_permisosgrupo"(id) DEFERRABLE INITIALLY DEFERRED;


--
-- TOC entry 3553 (class 2606 OID 34931)
-- Name: GestionDeUsuariosApp_permisosgrupo_permisos GestionDeUsuariosApp_permission_id_50d0792d_fk_auth_perm; Type: FK CONSTRAINT; Schema: public; Owner: jairo
--

ALTER TABLE ONLY public."GestionDeUsuariosApp_permisosgrupo_permisos"
    ADD CONSTRAINT "GestionDeUsuariosApp_permission_id_50d0792d_fk_auth_perm" FOREIGN KEY (permission_id) REFERENCES public.auth_permission(id) DEFERRABLE INITIALLY DEFERRED;


--
-- TOC entry 3518 (class 2606 OID 34614)
-- Name: GestionDeUsuariosApp_usuarios_user_permissions GestionDeUsuariosApp_permission_id_acf30293_fk_auth_perm; Type: FK CONSTRAINT; Schema: public; Owner: jairo
--

ALTER TABLE ONLY public."GestionDeUsuariosApp_usuarios_user_permissions"
    ADD CONSTRAINT "GestionDeUsuariosApp_permission_id_acf30293_fk_auth_perm" FOREIGN KEY (permission_id) REFERENCES public.auth_permission(id) DEFERRABLE INITIALLY DEFERRED;


--
-- TOC entry 3514 (class 2606 OID 34580)
-- Name: GestionDeUsuariosApp_grupos GestionDeUsuariosApp_tenant_id_2668b6ef_fk_GestionDe; Type: FK CONSTRAINT; Schema: public; Owner: jairo
--

ALTER TABLE ONLY public."GestionDeUsuariosApp_grupos"
    ADD CONSTRAINT "GestionDeUsuariosApp_tenant_id_2668b6ef_fk_GestionDe" FOREIGN KEY (tenant_id) REFERENCES public."GestionDeUsuariosApp_tenant"(id) DEFERRABLE INITIALLY DEFERRED;


--
-- TOC entry 3515 (class 2606 OID 34586)
-- Name: GestionDeUsuariosApp_usuarios GestionDeUsuariosApp_tenant_id_c0225b79_fk_GestionDe; Type: FK CONSTRAINT; Schema: public; Owner: jairo
--

ALTER TABLE ONLY public."GestionDeUsuariosApp_usuarios"
    ADD CONSTRAINT "GestionDeUsuariosApp_tenant_id_c0225b79_fk_GestionDe" FOREIGN KEY (tenant_id) REFERENCES public."GestionDeUsuariosApp_tenant"(id) DEFERRABLE INITIALLY DEFERRED;


--
-- TOC entry 3517 (class 2606 OID 34595)
-- Name: GestionDeUsuariosApp_usuarios_groups GestionDeUsuariosApp_usuarios_id_80fd00e9_fk_GestionDe; Type: FK CONSTRAINT; Schema: public; Owner: jairo
--

ALTER TABLE ONLY public."GestionDeUsuariosApp_usuarios_groups"
    ADD CONSTRAINT "GestionDeUsuariosApp_usuarios_id_80fd00e9_fk_GestionDe" FOREIGN KEY (usuarios_id) REFERENCES public."GestionDeUsuariosApp_usuarios"(id) DEFERRABLE INITIALLY DEFERRED;


--
-- TOC entry 3519 (class 2606 OID 34609)
-- Name: GestionDeUsuariosApp_usuarios_user_permissions GestionDeUsuariosApp_usuarios_id_8615a5b0_fk_GestionDe; Type: FK CONSTRAINT; Schema: public; Owner: jairo
--

ALTER TABLE ONLY public."GestionDeUsuariosApp_usuarios_user_permissions"
    ADD CONSTRAINT "GestionDeUsuariosApp_usuarios_id_8615a5b0_fk_GestionDe" FOREIGN KEY (usuarios_id) REFERENCES public."GestionDeUsuariosApp_usuarios"(id) DEFERRABLE INITIALLY DEFERRED;


--
-- TOC entry 3520 (class 2606 OID 34627)
-- Name: InventarioApp_producto InventarioApp_produc_tenant_id_03022a8f_fk_GestionDe; Type: FK CONSTRAINT; Schema: public; Owner: jairo
--

ALTER TABLE ONLY public."InventarioApp_producto"
    ADD CONSTRAINT "InventarioApp_produc_tenant_id_03022a8f_fk_GestionDe" FOREIGN KEY (tenant_id) REFERENCES public."GestionDeUsuariosApp_tenant"(id) DEFERRABLE INITIALLY DEFERRED;


--
-- TOC entry 3556 (class 2606 OID 35121)
-- Name: VentasApp_cliente VentasApp_cliente_tenant_id_3d7359ab_fk_GestionDe; Type: FK CONSTRAINT; Schema: public; Owner: jairo
--

ALTER TABLE ONLY public."VentasApp_cliente"
    ADD CONSTRAINT "VentasApp_cliente_tenant_id_3d7359ab_fk_GestionDe" FOREIGN KEY (tenant_id) REFERENCES public."GestionDeUsuariosApp_tenant"(id) DEFERRABLE INITIALLY DEFERRED;


--
-- TOC entry 3563 (class 2606 OID 35163)
-- Name: VentasApp_pagoventa VentasApp_pagoventa_metodo_de_pago_id_11a30f67_fk_FinanzasA; Type: FK CONSTRAINT; Schema: public; Owner: jairo
--

ALTER TABLE ONLY public."VentasApp_pagoventa"
    ADD CONSTRAINT "VentasApp_pagoventa_metodo_de_pago_id_11a30f67_fk_FinanzasA" FOREIGN KEY (metodo_de_pago_id) REFERENCES public."FinanzasApp_metododepago"(id) DEFERRABLE INITIALLY DEFERRED;


--
-- TOC entry 3564 (class 2606 OID 35168)
-- Name: VentasApp_pagoventa VentasApp_pagoventa_tenant_id_f575a9c1_fk_GestionDe; Type: FK CONSTRAINT; Schema: public; Owner: jairo
--

ALTER TABLE ONLY public."VentasApp_pagoventa"
    ADD CONSTRAINT "VentasApp_pagoventa_tenant_id_f575a9c1_fk_GestionDe" FOREIGN KEY (tenant_id) REFERENCES public."GestionDeUsuariosApp_tenant"(id) DEFERRABLE INITIALLY DEFERRED;


--
-- TOC entry 3565 (class 2606 OID 35173)
-- Name: VentasApp_pagoventa VentasApp_pagoventa_venta_id_0d792ce5_fk_VentasApp_venta_id; Type: FK CONSTRAINT; Schema: public; Owner: jairo
--

ALTER TABLE ONLY public."VentasApp_pagoventa"
    ADD CONSTRAINT "VentasApp_pagoventa_venta_id_0d792ce5_fk_VentasApp_venta_id" FOREIGN KEY (venta_id) REFERENCES public."VentasApp_venta"(id) DEFERRABLE INITIALLY DEFERRED;


--
-- TOC entry 3560 (class 2606 OID 35145)
-- Name: VentasApp_relacionproductoventa VentasApp_relacionpr_producto_id_b413709a_fk_Inventari; Type: FK CONSTRAINT; Schema: public; Owner: jairo
--

ALTER TABLE ONLY public."VentasApp_relacionproductoventa"
    ADD CONSTRAINT "VentasApp_relacionpr_producto_id_b413709a_fk_Inventari" FOREIGN KEY (producto_id) REFERENCES public."InventarioApp_producto"(id) DEFERRABLE INITIALLY DEFERRED;


--
-- TOC entry 3561 (class 2606 OID 35150)
-- Name: VentasApp_relacionproductoventa VentasApp_relacionpr_tenant_id_ccb9c543_fk_GestionDe; Type: FK CONSTRAINT; Schema: public; Owner: jairo
--

ALTER TABLE ONLY public."VentasApp_relacionproductoventa"
    ADD CONSTRAINT "VentasApp_relacionpr_tenant_id_ccb9c543_fk_GestionDe" FOREIGN KEY (tenant_id) REFERENCES public."GestionDeUsuariosApp_tenant"(id) DEFERRABLE INITIALLY DEFERRED;


--
-- TOC entry 3562 (class 2606 OID 35155)
-- Name: VentasApp_relacionproductoventa VentasApp_relacionpr_venta_id_fe8dd216_fk_VentasApp; Type: FK CONSTRAINT; Schema: public; Owner: jairo
--

ALTER TABLE ONLY public."VentasApp_relacionproductoventa"
    ADD CONSTRAINT "VentasApp_relacionpr_venta_id_fe8dd216_fk_VentasApp" FOREIGN KEY (venta_id) REFERENCES public."VentasApp_venta"(id) DEFERRABLE INITIALLY DEFERRED;


--
-- TOC entry 3557 (class 2606 OID 35127)
-- Name: VentasApp_venta VentasApp_venta_cliente_id_e02943e3_fk_VentasApp_cliente_id; Type: FK CONSTRAINT; Schema: public; Owner: jairo
--

ALTER TABLE ONLY public."VentasApp_venta"
    ADD CONSTRAINT "VentasApp_venta_cliente_id_e02943e3_fk_VentasApp_cliente_id" FOREIGN KEY (cliente_id) REFERENCES public."VentasApp_cliente"(id) DEFERRABLE INITIALLY DEFERRED;


--
-- TOC entry 3558 (class 2606 OID 35132)
-- Name: VentasApp_venta VentasApp_venta_tenant_id_c6ead557_fk_GestionDe; Type: FK CONSTRAINT; Schema: public; Owner: jairo
--

ALTER TABLE ONLY public."VentasApp_venta"
    ADD CONSTRAINT "VentasApp_venta_tenant_id_c6ead557_fk_GestionDe" FOREIGN KEY (tenant_id) REFERENCES public."GestionDeUsuariosApp_tenant"(id) DEFERRABLE INITIALLY DEFERRED;


--
-- TOC entry 3559 (class 2606 OID 35137)
-- Name: VentasApp_venta VentasApp_venta_usuario_id_ae6a2ffd_fk_GestionDe; Type: FK CONSTRAINT; Schema: public; Owner: jairo
--

ALTER TABLE ONLY public."VentasApp_venta"
    ADD CONSTRAINT "VentasApp_venta_usuario_id_ae6a2ffd_fk_GestionDe" FOREIGN KEY (usuario_id) REFERENCES public."GestionDeUsuariosApp_usuarios"(id) DEFERRABLE INITIALLY DEFERRED;


--
-- TOC entry 3511 (class 2606 OID 34530)
-- Name: auth_group_permissions auth_group_permissio_permission_id_84c5c92e_fk_auth_perm; Type: FK CONSTRAINT; Schema: public; Owner: jairo
--

ALTER TABLE ONLY public.auth_group_permissions
    ADD CONSTRAINT auth_group_permissio_permission_id_84c5c92e_fk_auth_perm FOREIGN KEY (permission_id) REFERENCES public.auth_permission(id) DEFERRABLE INITIALLY DEFERRED;


--
-- TOC entry 3512 (class 2606 OID 34525)
-- Name: auth_group_permissions auth_group_permissions_group_id_b120cbf9_fk_auth_group_id; Type: FK CONSTRAINT; Schema: public; Owner: jairo
--

ALTER TABLE ONLY public.auth_group_permissions
    ADD CONSTRAINT auth_group_permissions_group_id_b120cbf9_fk_auth_group_id FOREIGN KEY (group_id) REFERENCES public.auth_group(id) DEFERRABLE INITIALLY DEFERRED;


--
-- TOC entry 3510 (class 2606 OID 34516)
-- Name: auth_permission auth_permission_content_type_id_2f476e4b_fk_django_co; Type: FK CONSTRAINT; Schema: public; Owner: jairo
--

ALTER TABLE ONLY public.auth_permission
    ADD CONSTRAINT auth_permission_content_type_id_2f476e4b_fk_django_co FOREIGN KEY (content_type_id) REFERENCES public.django_content_type(id) DEFERRABLE INITIALLY DEFERRED;


--
-- TOC entry 3566 (class 2606 OID 35190)
-- Name: django_admin_log django_admin_log_content_type_id_c4bce8eb_fk_django_co; Type: FK CONSTRAINT; Schema: public; Owner: jairo
--

ALTER TABLE ONLY public.django_admin_log
    ADD CONSTRAINT django_admin_log_content_type_id_c4bce8eb_fk_django_co FOREIGN KEY (content_type_id) REFERENCES public.django_content_type(id) DEFERRABLE INITIALLY DEFERRED;


--
-- TOC entry 3567 (class 2606 OID 35195)
-- Name: django_admin_log django_admin_log_user_id_c564eba6_fk_GestionDe; Type: FK CONSTRAINT; Schema: public; Owner: jairo
--

ALTER TABLE ONLY public.django_admin_log
    ADD CONSTRAINT "django_admin_log_user_id_c564eba6_fk_GestionDe" FOREIGN KEY (user_id) REFERENCES public."GestionDeUsuariosApp_usuarios"(id) DEFERRABLE INITIALLY DEFERRED;


-- Completed on 2024-07-19 14:55:12 -05

--
-- PostgreSQL database dump complete
--

--
-- Database "postgres" dump
--

\connect postgres

--
-- PostgreSQL database dump
--

-- Dumped from database version 16.3 (Debian 16.3-1.pgdg120+1)
-- Dumped by pg_dump version 16.1

-- Started on 2024-07-19 14:55:12 -05

SET statement_timeout = 0;
SET lock_timeout = 0;
SET idle_in_transaction_session_timeout = 0;
SET client_encoding = 'UTF8';
SET standard_conforming_strings = on;
SELECT pg_catalog.set_config('search_path', '', false);
SET check_function_bodies = false;
SET xmloption = content;
SET client_min_messages = warning;
SET row_security = off;

-- Completed on 2024-07-19 14:55:13 -05

--
-- PostgreSQL database dump complete
--

-- Completed on 2024-07-19 14:55:13 -05

--
-- PostgreSQL database cluster dump complete
--

